reference	treatment	base	restricted_time_delta_mean
no_harness	harness_first	9001	9.6
no_harness	harness_first	5150	6.8
no_harness	harness_first	2718	8.4
no_harness	harness_first	6060	8.2
no_harness	harness_first	8123	9.4
no_harness	development_first	9001	8.2
no_harness	development_first	5150	8.6
no_harness	development_first	2718	5.4
no_harness	development_first	6060	6.8
no_harness	development_first	8123	9.6
harness_first	development_first	9001	-1.4
harness_first	development_first	5150	1.8
harness_first	development_first	2718	-3
harness_first	development_first	6060	-1.4
harness_first	development_first	8123	0.2
