arm	base	seed	window	first_title_season	right_censored	initial_cc	cc_in	cc_out	final_cc	report_runs	levels_spent_in_season	shared_manager_parity
no_harness	9001	9001	20	9	0	8	6360	6167	201	188	840	not_run
harness_first	9001	9001	20		1	8	2923	2907	24	184	448	not_run
development_first	9001	9001	20		1	8	3130	3107	31	194	487	not_run
no_harness	9001	16920	20	11	0	8	6452	6301	159	171	747	not_run
harness_first	9001	16920	20		1	8	3262	3242	28	189	472	not_run
development_first	9001	16920	20		1	8	3892	3871	29	213	540	not_run
no_harness	9001	24839	20	9	0	8	6634	6518	124	168	762	not_run
harness_first	9001	24839	20		1	8	3560	3531	37	182	459	not_run
development_first	9001	24839	20	13	0	8	4977	4941	44	242	759	not_run
no_harness	9001	32758	20	10	0	8	6870	6713	165	189	839	not_run
harness_first	9001	32758	20	20	0	8	3581	3532	57	200	436	not_run
development_first	9001	32758	20		1	8	3636	3615	29	208	447	not_run
no_harness	9001	40677	20	13	0	8	5493	5437	64	238	747	not_run
harness_first	9001	40677	20		1	8	3651	3641	18	203	555	not_run
development_first	9001	40677	20		1	8	3416	3400	24	203	502	not_run
no_harness	5150	5150	20	13	0	8	5743	5590	161	227	901	not_run
harness_first	5150	5150	20		1	8	3239	3217	30	181	439	not_run
development_first	5150	5150	20		1	8	3435	3417	26	195	504	not_run
no_harness	5150	13069	20	10	0	8	6454	6258	204	210	824	not_run
harness_first	5150	13069	20	17	0	8	4622	4570	60	226	614	not_run
development_first	5150	13069	20		1	8	4102	4073	37	227	520	not_run
no_harness	5150	20988	20	12	0	8	5163	5008	163	200	799	not_run
harness_first	5150	20988	20	14	0	8	3422	3396	34	206	543	not_run
development_first	5150	20988	20		1	8	3605	3589	24	216	587	not_run
no_harness	5150	28907	20	10	0	8	6054	5900	162	255	949	not_run
harness_first	5150	28907	20		1	8	3532	3523	17	195	477	not_run
development_first	5150	28907	20		1	8	3803	3782	29	228	571	not_run
no_harness	5150	36826	20	12	0	8	6337	6258	87	242	1041	not_run
harness_first	5150	36826	20		1	8	3786	3765	29	200	466	not_run
development_first	5150	36826	20		1	8	3690	3672	26	203	502	not_run
no_harness	2718	2718	20	9	0	8	6696	6525	179	154	780	not_run
harness_first	2718	2718	20		1	8	4134	4116	26	200	444	not_run
development_first	2718	2718	20	13	0	8	4545	4494	59	237	587	not_run
no_harness	2718	10637	20	11	0	8	6512	6355	165	191	815	not_run
harness_first	2718	10637	20	14	0	8	4067	3986	89	204	520	not_run
development_first	2718	10637	20	12	0	8	4705	4678	35	249	740	not_run
no_harness	2718	18556	20	11	0	8	6566	6449	125	165	779	not_run
harness_first	2718	18556	20		1	8	3316	3292	32	211	498	not_run
development_first	2718	18556	20		1	8	3863	3846	25	222	587	not_run
no_harness	2718	26475	20	10	0	8	6757	6596	169	140	703	not_run
harness_first	2718	26475	20		1	8	4177	4152	33	228	566	not_run
development_first	2718	26475	20	14	0	8	5360	5293	75	267	809	not_run
no_harness	2718	34394	20	11	0	8	6021	5900	129	210	898	not_run
harness_first	2718	34394	20		1	8	2987	2967	28	192	445	not_run
development_first	2718	34394	20		1	8	3728	3712	24	209	491	not_run
no_harness	6060	6060	20	13	0	8	5702	5544	166	205	893	not_run
harness_first	6060	6060	20		1	8	3310	3297	21	201	467	not_run
development_first	6060	6060	20		1	8	3770	3757	21	217	481	not_run
no_harness	6060	13979	20	12	0	8	5805	5586	227	182	837	not_run
harness_first	6060	13979	20		1	8	4079	4053	34	196	490	not_run
development_first	6060	13979	20		1	8	3958	3933	33	196	532	not_run
no_harness	6060	21898	20	9	0	8	6635	6468	175	128	690	not_run
harness_first	6060	21898	20		1	8	3760	3743	25	221	572	not_run
development_first	6060	21898	20		1	8	3681	3665	24	213	566	not_run
no_harness	6060	29817	20	15	0	8	5407	5357	58	235	910	not_run
harness_first	6060	29817	20		1	8	2802	2791	19	180	412	not_run
development_first	6060	29817	20		1	8	3067	3057	18	197	471	not_run
no_harness	6060	37736	20	10	0	8	5840	5687	161	198	922	not_run
harness_first	6060	37736	20		1	8	3486	3467	27	214	546	not_run
development_first	6060	37736	20	13	0	8	5137	5000	145	228	753	not_run
no_harness	8123	8123	20	11	0	8	6536	6388	156	195	730	not_run
harness_first	8123	8123	20		1	8	3552	3534	26	195	433	not_run
development_first	8123	8123	20		1	8	3438	3416	30	214	498	not_run
no_harness	8123	16042	20	9	0	8	6499	6347	160	150	833	not_run
harness_first	8123	16042	20	20	0	8	4916	4826	98	243	559	not_run
development_first	8123	16042	20		1	8	3840	3813	35	211	483	not_run
no_harness	8123	23961	20	12	0	8	5623	5424	207	179	912	not_run
harness_first	8123	23961	20	20	0	8	3374	3333	49	196	518	not_run
development_first	8123	23961	20		1	8	2972	2956	24	192	515	not_run
no_harness	8123	31880	20	10	0	8	6080	5932	156	173	909	not_run
harness_first	8123	31880	20	19	0	8	3912	3885	35	217	471	not_run
development_first	8123	31880	20		1	8	3793	3769	32	205	499	not_run
no_harness	8123	39799	20	10	0	8	6581	6426	163	134	611	not_run
harness_first	8123	39799	20		1	8	3778	3752	34	223	475	not_run
development_first	8123	39799	20		1	8	3600	3582	26	210	476	not_run
