arm	base	seed	elapsed_season	opening_cc	cc_in	cc_out	cc_pre_rollover	cc_post_rollover	power_pre_rollover	power_post_rollover	tier_pre_rollover	tier_post_rollover
no_harness	9001	9001	1	8	43	22	30	29	49	49	0	1
no_harness	9001	9001	2	29	63	52	49	40	51	50	1	1
no_harness	9001	9001	3	40	80	85	43	35	54	54	1	1
no_harness	9001	9001	4	35	135	117	67	53	54	54	1	2
no_harness	9001	9001	5	53	165	173	67	45	58	58	2	2
no_harness	9001	9001	6	45	186	183	74	48	65	65	2	3
no_harness	9001	9001	7	48	262	266	81	44	71	69	3	3
no_harness	9001	9001	8	44	240	238	81	46	75	75	3	3
no_harness	9001	9001	9	46	294	277	91	63	77	77	3	3
no_harness	9001	9001	10	63	369	369	95	63	81	81	3	3
no_harness	9001	9001	11	63	395	327	163	131	84	84	3	3
no_harness	9001	9001	12	131	357	404	116	84	86	88	3	3
no_harness	9001	9001	13	84	470	396	189	158	93	89	3	3
no_harness	9001	9001	14	158	422	522	90	58	94	93	3	3
no_harness	9001	9001	15	58	505	376	220	187	95	94	3	3
no_harness	9001	9001	16	187	570	556	230	201	95	94	3	3
no_harness	9001	9001	17	201	410	464	176	147	95	94	3	3
no_harness	9001	9001	18	147	401	398	179	150	95	94	3	3
no_harness	9001	9001	19	150	441	512	108	79	95	94	3	3
no_harness	9001	9001	20	79	552	430	231	201	95	95	3	3
harness_first	9001	9001	1	8	43	26	28	25	49	49	0	1
harness_first	9001	9001	2	25	64	71	34	18	51	50	1	1
harness_first	9001	9001	3	18	87	82	38	23	53	53	1	1
harness_first	9001	9001	4	23	125	122	46	26	53	52	1	2
harness_first	9001	9001	5	26	129	126	59	29	54	55	2	2
harness_first	9001	9001	6	29	146	146	57	29	57	57	2	2
harness_first	9001	9001	7	29	178	184	48	23	59	58	2	2
harness_first	9001	9001	8	23	159	149	64	33	57	56	2	2
harness_first	9001	9001	9	33	141	150	54	24	56	60	2	2
harness_first	9001	9001	10	24	146	138	62	32	62	61	2	2
harness_first	9001	9001	11	32	127	123	64	36	62	62	2	2
harness_first	9001	9001	12	36	123	125	65	34	63	63	2	2
harness_first	9001	9001	13	34	148	163	47	19	63	57	2	2
harness_first	9001	9001	14	19	176	158	68	37	62	61	2	2
harness_first	9001	9001	15	37	189	182	74	44	64	61	2	2
harness_first	9001	9001	16	44	190	193	73	41	63	62	2	3
harness_first	9001	9001	17	41	242	248	83	35	65	57	3	2
harness_first	9001	9001	18	35	174	182	67	27	60	57	2	2
harness_first	9001	9001	19	27	162	164	69	25	61	55	2	2
harness_first	9001	9001	20	25	174	175	67	24	59	59	2	2
development_first	9001	9001	1	8	43	26	28	25	49	49	0	1
development_first	9001	9001	2	25	64	71	34	18	51	50	1	1
development_first	9001	9001	3	18	87	82	38	23	53	53	1	1
development_first	9001	9001	4	23	125	122	46	26	53	52	1	2
development_first	9001	9001	5	26	129	128	57	27	54	55	2	2
development_first	9001	9001	6	27	146	145	56	28	58	57	2	2
development_first	9001	9001	7	28	178	170	61	36	59	58	2	2
development_first	9001	9001	8	36	159	161	65	34	57	56	2	2
development_first	9001	9001	9	34	138	140	64	32	56	60	2	2
development_first	9001	9001	10	32	121	116	69	37	62	61	2	2
development_first	9001	9001	11	37	125	129	63	33	62	62	2	2
development_first	9001	9001	12	33	148	139	74	42	64	64	2	2
development_first	9001	9001	13	42	175	180	70	37	64	58	2	3
development_first	9001	9001	14	37	235	238	79	34	65	64	3	2
development_first	9001	9001	15	34	193	201	66	26	67	64	2	2
development_first	9001	9001	16	26	180	172	73	34	66	65	2	2
development_first	9001	9001	17	34	183	188	74	29	67	62	2	3
development_first	9001	9001	18	29	226	239	70	16	62	61	3	3
development_first	9001	9001	19	16	272	252	82	36	67	63	3	2
development_first	9001	9001	20	36	203	208	72	31	68	67	2	2
no_harness	9001	16920	1	8	58	32	35	34	50	50	0	1
no_harness	9001	16920	2	34	92	100	37	26	51	52	1	2
no_harness	9001	16920	3	26	130	109	64	47	54	54	2	1
no_harness	9001	16920	4	47	115	113	66	49	55	54	1	2
no_harness	9001	16920	5	49	184	186	68	47	58	58	2	2
no_harness	9001	16920	6	47	249	250	70	46	65	66	2	3
no_harness	9001	16920	7	46	268	266	83	48	70	69	3	3
no_harness	9001	16920	8	48	286	286	84	48	74	74	3	3
no_harness	9001	16920	9	48	279	271	84	56	79	79	3	3
no_harness	9001	16920	10	56	325	321	90	60	83	83	3	3
no_harness	9001	16920	11	60	408	349	149	119	88	87	3	3
no_harness	9001	16920	12	119	426	451	124	94	90	90	3	3
no_harness	9001	16920	13	94	385	396	113	83	92	91	3	3
no_harness	9001	16920	14	83	447	402	157	128	94	92	3	3
no_harness	9001	16920	15	128	423	461	120	90	94	94	3	3
no_harness	9001	16920	16	90	450	400	170	140	95	94	3	3
no_harness	9001	16920	17	140	543	431	282	252	94	89	3	3
no_harness	9001	16920	18	252	423	600	105	75	94	93	3	3
no_harness	9001	16920	19	75	464	378	191	161	95	93	3	3
no_harness	9001	16920	20	161	497	499	189	159	95	94	3	3
harness_first	9001	16920	1	8	58	42	29	24	50	50	0	1
harness_first	9001	16920	2	24	80	78	45	26	49	49	1	2
harness_first	9001	16920	3	26	117	109	60	34	52	52	2	1
harness_first	9001	16920	4	34	103	116	44	21	53	53	1	2
harness_first	9001	16920	5	21	137	142	48	16	55	54	2	2
harness_first	9001	16920	6	16	169	167	48	18	59	58	2	2
harness_first	9001	16920	7	18	146	140	53	24	57	56	2	1
harness_first	9001	16920	8	24	106	94	58	36	58	57	1	1
harness_first	9001	16920	9	36	139	141	58	34	55	54	1	2
harness_first	9001	16920	10	34	177	186	57	25	53	57	2	2
harness_first	9001	16920	11	25	184	167	70	42	63	62	2	1
harness_first	9001	16920	12	42	133	135	65	40	65	65	1	2
harness_first	9001	16920	13	40	188	185	72	43	65	60	2	2
harness_first	9001	16920	14	43	212	214	73	41	64	58	2	3
harness_first	9001	16920	15	41	219	230	77	30	61	60	3	2
harness_first	9001	16920	16	30	219	222	69	27	63	63	2	2
harness_first	9001	16920	17	27	195	195	69	27	66	63	2	2
harness_first	9001	16920	18	27	214	219	68	22	67	66	2	3
harness_first	9001	16920	19	22	228	221	76	29	68	63	3	2
harness_first	9001	16920	20	29	238	239	74	28	66	66	2	3
development_first	9001	16920	1	8	58	42	29	24	50	50	0	1
development_first	9001	16920	2	24	80	78	45	26	49	49	1	2
development_first	9001	16920	3	26	117	109	60	34	52	52	2	1
development_first	9001	16920	4	34	103	111	49	26	53	53	1	2
development_first	9001	16920	5	26	136	137	51	25	55	55	2	1
development_first	9001	16920	6	25	132	137	45	20	58	58	1	2
development_first	9001	16920	7	20	166	147	73	39	58	57	2	2
development_first	9001	16920	8	39	161	161	70	39	59	59	2	2
development_first	9001	16920	9	39	209	210	72	38	63	62	2	2
development_first	9001	16920	10	38	169	168	71	39	62	60	2	2
development_first	9001	16920	11	39	230	230	71	39	68	68	2	3
development_first	9001	16920	12	39	245	250	80	34	71	71	3	2
development_first	9001	16920	13	34	236	237	76	33	69	64	2	3
development_first	9001	16920	14	33	275	285	78	23	71	63	3	3
development_first	9001	16920	15	23	232	233	76	22	66	65	3	3
development_first	9001	16920	16	22	247	244	77	25	67	67	3	3
development_first	9001	16920	17	25	289	280	84	34	69	65	3	3
development_first	9001	16920	18	34	274	292	72	16	69	69	3	3
development_first	9001	16920	19	16	249	250	72	15	72	67	3	3
development_first	9001	16920	20	15	284	270	78	29	70	70	3	3
no_harness	9001	24839	1	8	54	33	31	29	51	50	0	1
no_harness	9001	24839	2	29	98	91	49	36	53	53	1	2
no_harness	9001	24839	3	36	129	123	59	42	56	56	2	1
no_harness	9001	24839	4	42	126	127	55	41	57	57	1	2
no_harness	9001	24839	5	41	171	177	57	35	63	63	2	2
no_harness	9001	24839	6	35	189	173	74	51	69	69	2	3
no_harness	9001	24839	7	51	217	225	79	43	72	72	3	3
no_harness	9001	24839	8	43	295	275	92	63	76	76	3	3
no_harness	9001	24839	9	63	381	360	114	84	82	81	3	3
no_harness	9001	24839	10	84	355	372	96	67	86	86	3	3
no_harness	9001	24839	11	67	456	367	186	156	92	92	3	3
no_harness	9001	24839	12	156	399	464	121	91	94	93	3	3
no_harness	9001	24839	13	91	418	449	90	60	94	94	3	3
no_harness	9001	24839	14	60	443	404	130	99	95	94	3	3
no_harness	9001	24839	15	99	469	430	170	138	94	93	3	3
no_harness	9001	24839	16	138	472	455	187	155	94	92	3	3
no_harness	9001	24839	17	155	506	464	226	197	92	92	3	3
no_harness	9001	24839	18	197	587	610	204	174	94	94	3	3
no_harness	9001	24839	19	174	374	486	91	62	95	95	3	3
no_harness	9001	24839	20	62	495	433	154	124	95	95	3	3
harness_first	9001	24839	1	8	52	33	33	27	51	50	0	1
harness_first	9001	24839	2	27	84	95	36	16	53	52	1	2
harness_first	9001	24839	3	16	110	101	49	25	54	54	2	1
harness_first	9001	24839	4	25	103	107	44	21	53	53	1	2
harness_first	9001	24839	5	21	147	137	61	31	55	56	2	2
harness_first	9001	24839	6	31	183	193	47	21	59	58	2	2
harness_first	9001	24839	7	21	131	113	65	39	60	59	2	1
harness_first	9001	24839	8	39	90	95	58	34	61	60	1	1
harness_first	9001	24839	9	34	138	133	62	39	62	61	1	1
harness_first	9001	24839	10	39	154	157	62	36	64	64	1	2
harness_first	9001	24839	11	36	219	226	60	29	66	65	2	2
harness_first	9001	24839	12	29	161	154	68	36	64	63	2	2
harness_first	9001	24839	13	36	248	237	82	47	66	69	2	3
harness_first	9001	24839	14	47	286	298	86	35	71	68	3	2
harness_first	9001	24839	15	35	211	218	76	28	70	64	2	3
harness_first	9001	24839	16	28	284	271	91	41	63	57	3	2
harness_first	9001	24839	17	41	263	267	83	37	66	62	2	2
harness_first	9001	24839	18	37	211	219	78	29	65	56	2	2
harness_first	9001	24839	19	29	270	261	82	38	59	59	2	2
harness_first	9001	24839	20	38	215	216	86	37	63	64	2	2
development_first	9001	24839	1	8	52	33	33	27	51	50	0	1
development_first	9001	24839	2	27	84	95	36	16	53	52	1	2
development_first	9001	24839	3	16	110	106	44	20	55	54	2	1
development_first	9001	24839	4	20	104	104	43	20	53	53	1	2
development_first	9001	24839	5	20	168	151	63	37	55	56	2	1
development_first	9001	24839	6	37	120	116	67	41	56	56	1	2
development_first	9001	24839	7	41	154	156	68	39	59	58	2	1
development_first	9001	24839	8	39	132	130	66	41	65	64	1	2
development_first	9001	24839	9	41	218	222	71	37	69	68	2	3
development_first	9001	24839	10	37	275	285	81	27	72	71	3	3
development_first	9001	24839	11	27	289	286	79	30	75	75	3	3
development_first	9001	24839	12	30	258	260	82	28	78	78	3	3
development_first	9001	24839	13	28	433	365	146	96	77	76	3	3
development_first	9001	24839	14	96	331	394	85	33	79	81	3	3
development_first	9001	24839	15	33	400	384	95	49	84	79	3	3
development_first	9001	24839	16	49	431	422	106	58	82	70	3	3
development_first	9001	24839	17	58	317	336	91	39	74	77	3	3
development_first	9001	24839	18	39	378	369	97	48	79	78	3	3
development_first	9001	24839	19	48	364	375	88	37	82	77	3	3
development_first	9001	24839	20	37	359	352	94	44	80	80	3	3
no_harness	9001	32758	1	8	55	25	39	38	51	50	0	1
no_harness	9001	32758	2	38	60	62	47	36	53	53	1	1
no_harness	9001	32758	3	36	109	109	48	36	55	55	1	2
no_harness	9001	32758	4	36	99	91	64	44	57	57	2	1
no_harness	9001	32758	5	44	138	141	59	41	61	60	1	2
no_harness	9001	32758	6	41	181	175	72	47	64	64	2	3
no_harness	9001	32758	7	47	239	245	76	41	69	69	3	3
no_harness	9001	32758	8	41	308	293	90	56	73	73	3	3
no_harness	9001	32758	9	56	330	333	87	53	78	81	3	3
no_harness	9001	32758	10	53	472	374	185	151	84	84	3	3
no_harness	9001	32758	11	151	491	484	190	158	90	90	3	3
no_harness	9001	32758	12	158	411	510	91	59	93	92	3	3
no_harness	9001	32758	13	59	488	393	182	154	94	93	3	3
no_harness	9001	32758	14	154	529	519	193	164	94	92	3	3
no_harness	9001	32758	15	164	478	451	220	191	95	95	3	3
no_harness	9001	32758	16	191	496	532	185	155	96	95	3	3
no_harness	9001	32758	17	155	488	480	193	163	95	95	3	3
no_harness	9001	32758	18	163	470	475	188	158	95	96	3	3
no_harness	9001	32758	19	158	483	479	192	162	96	96	3	3
no_harness	9001	32758	20	162	545	542	196	165	95	95	3	3
harness_first	9001	32758	1	8	55	39	29	24	51	50	0	1
harness_first	9001	32758	2	24	57	62	39	19	52	52	1	1
harness_first	9001	32758	3	19	111	110	41	20	54	53	1	2
harness_first	9001	32758	4	20	110	109	49	21	55	55	2	1
harness_first	9001	32758	5	21	129	121	52	29	55	54	1	2
harness_first	9001	32758	6	29	151	149	60	31	52	52	2	2
harness_first	9001	32758	7	31	164	161	68	34	57	59	2	2
harness_first	9001	32758	8	34	134	143	60	25	59	58	2	2
harness_first	9001	32758	9	25	152	139	72	38	60	59	2	2
harness_first	9001	32758	10	38	161	162	72	37	62	62	2	2
harness_first	9001	32758	11	37	166	163	70	40	64	64	2	2
harness_first	9001	32758	12	40	184	181	70	43	65	65	2	2
harness_first	9001	32758	13	43	215	216	74	42	67	66	2	3
harness_first	9001	32758	14	42	253	273	76	22	72	66	3	3
harness_first	9001	32758	15	22	241	229	82	34	68	65	3	2
harness_first	9001	32758	16	34	211	218	71	27	73	72	2	3
harness_first	9001	32758	17	27	267	266	75	28	75	74	3	3
harness_first	9001	32758	18	28	231	232	78	27	78	77	3	3
harness_first	9001	32758	19	27	290	288	78	29	79	75	3	3
harness_first	9001	32758	20	29	299	271	106	57	81	80	3	3
development_first	9001	32758	1	8	55	39	29	24	51	50	0	1
development_first	9001	32758	2	24	57	62	39	19	52	52	1	1
development_first	9001	32758	3	19	111	110	41	20	54	53	1	2
development_first	9001	32758	4	20	110	108	50	22	55	55	2	1
development_first	9001	32758	5	22	129	122	52	29	55	54	1	2
development_first	9001	32758	6	29	151	149	60	31	53	52	2	2
development_first	9001	32758	7	31	164	163	66	32	57	59	2	2
development_first	9001	32758	8	32	134	143	58	23	60	59	2	2
development_first	9001	32758	9	23	152	137	72	38	61	60	2	2
development_first	9001	32758	10	38	163	161	73	40	63	63	2	2
development_first	9001	32758	11	40	197	191	71	46	65	65	2	2
development_first	9001	32758	12	46	191	198	71	39	65	65	2	3
development_first	9001	32758	13	39	256	269	82	26	68	66	3	3
development_first	9001	32758	14	26	233	231	79	28	69	64	3	3
development_first	9001	32758	15	28	274	269	82	33	71	71	3	3
development_first	9001	32758	16	33	279	290	78	22	72	69	3	3
development_first	9001	32758	17	22	231	228	81	25	72	71	3	3
development_first	9001	32758	18	25	253	241	82	37	74	73	3	3
development_first	9001	32758	19	37	254	265	79	26	71	67	3	3
development_first	9001	32758	20	26	242	239	79	29	73	72	3	3
no_harness	9001	40677	1	8	48	22	34	34	51	50	0	1
no_harness	9001	40677	2	34	78	77	45	35	52	52	1	2
no_harness	9001	40677	3	35	93	82	64	46	54	54	2	1
no_harness	9001	40677	4	46	100	112	48	34	55	54	1	2
no_harness	9001	40677	5	34	131	130	60	35	56	56	2	2
no_harness	9001	40677	6	35	160	146	70	49	60	60	2	2
no_harness	9001	40677	7	49	228	231	71	46	64	64	2	3
no_harness	9001	40677	8	46	269	272	81	43	68	68	3	3
no_harness	9001	40677	9	43	259	258	82	44	68	68	3	3
no_harness	9001	40677	10	44	263	263	80	44	72	74	3	3
no_harness	9001	40677	11	44	287	277	81	54	80	79	3	3
no_harness	9001	40677	12	54	280	282	78	52	83	82	3	3
no_harness	9001	40677	13	52	377	304	156	125	80	80	3	3
no_harness	9001	40677	14	125	332	374	115	83	82	82	3	3
no_harness	9001	40677	15	83	489	422	181	150	85	78	3	3
no_harness	9001	40677	16	150	376	442	115	84	87	87	3	3
no_harness	9001	40677	17	84	357	379	93	62	93	92	3	3
no_harness	9001	40677	18	62	551	429	195	184	94	94	3	3
no_harness	9001	40677	19	184	455	482	189	157	95	95	3	3
no_harness	9001	40677	20	157	360	453	96	64	95	95	3	3
harness_first	9001	40677	1	8	48	30	30	26	51	50	0	1
harness_first	9001	40677	2	26	78	87	36	17	51	51	1	2
harness_first	9001	40677	3	17	103	93	52	27	52	52	2	1
harness_first	9001	40677	4	27	98	97	53	28	53	52	1	2
harness_first	9001	40677	5	28	115	114	56	29	54	53	2	1
harness_first	9001	40677	6	29	111	115	48	25	57	57	1	1
harness_first	9001	40677	7	25	153	149	56	29	58	57	1	2
harness_first	9001	40677	8	29	209	214	59	24	58	58	2	2
harness_first	9001	40677	9	24	158	141	74	41	60	60	2	2
harness_first	9001	40677	10	41	195	196	71	40	63	63	2	2
harness_first	9001	40677	11	40	201	202	68	39	67	67	2	2
harness_first	9001	40677	12	39	214	219	68	34	68	67	2	3
harness_first	9001	40677	13	34	234	235	82	33	68	68	3	2
harness_first	9001	40677	14	33	220	218	71	35	72	69	2	2
harness_first	9001	40677	15	35	208	213	74	30	72	67	2	3
harness_first	9001	40677	16	30	282	285	82	27	70	69	3	3
harness_first	9001	40677	17	27	239	241	79	25	72	71	3	3
harness_first	9001	40677	18	25	267	262	76	30	74	72	3	3
harness_first	9001	40677	19	30	255	251	82	34	74	68	3	3
harness_first	9001	40677	20	34	263	279	74	18	70	70	3	3
development_first	9001	40677	1	8	48	30	30	26	51	50	0	1
development_first	9001	40677	2	26	78	87	36	17	51	51	1	2
development_first	9001	40677	3	17	103	93	52	27	52	52	2	1
development_first	9001	40677	4	27	98	97	53	28	53	52	1	2
development_first	9001	40677	5	28	115	119	51	24	54	53	2	1
development_first	9001	40677	6	24	111	100	58	35	57	57	1	1
development_first	9001	40677	7	35	153	150	65	38	59	57	1	2
development_first	9001	40677	8	38	209	211	71	36	60	60	2	2
development_first	9001	40677	9	36	168	169	70	35	63	63	2	3
development_first	9001	40677	10	35	227	234	84	28	66	66	3	3
development_first	9001	40677	11	28	227	236	66	19	68	68	3	2
development_first	9001	40677	12	19	217	214	69	22	65	65	2	3
development_first	9001	40677	13	22	216	212	74	26	64	63	3	2
development_first	9001	40677	14	26	178	169	73	35	67	64	2	2
development_first	9001	40677	15	35	235	247	70	23	63	59	2	3
development_first	9001	40677	16	23	236	236	72	23	62	60	3	2
development_first	9001	40677	17	23	221	219	66	25	62	62	2	2
development_first	9001	40677	18	25	211	205	73	31	63	59	2	2
development_first	9001	40677	19	31	200	200	71	31	66	58	2	2
development_first	9001	40677	20	31	165	172	70	24	60	59	2	2
no_harness	5150	5150	1	8	53	33	29	28	51	50	0	1
no_harness	5150	5150	2	28	66	51	52	43	52	52	1	1
no_harness	5150	5150	3	43	91	90	54	44	53	52	1	1
no_harness	5150	5150	4	44	92	99	47	37	54	54	1	1
no_harness	5150	5150	5	37	139	130	60	46	57	56	1	2
no_harness	5150	5150	6	46	153	150	74	49	60	60	2	2
no_harness	5150	5150	7	49	203	200	74	52	63	63	2	2
no_harness	5150	5150	8	52	171	166	73	57	67	67	2	2
no_harness	5150	5150	9	57	218	229	70	46	71	71	2	3
no_harness	5150	5150	10	46	299	289	82	56	76	75	3	3
no_harness	5150	5150	11	56	269	270	83	55	83	83	3	3
no_harness	5150	5150	12	55	289	289	81	55	86	86	3	3
no_harness	5150	5150	13	55	381	341	126	95	88	88	3	3
no_harness	5150	5150	14	95	497	429	195	163	90	88	3	3
no_harness	5150	5150	15	163	410	501	104	72	90	87	3	3
no_harness	5150	5150	16	72	416	395	121	93	90	89	3	3
no_harness	5150	5150	17	93	485	451	156	127	94	91	3	3
no_harness	5150	5150	18	127	475	441	190	161	92	88	3	3
no_harness	5150	5150	19	161	499	493	196	167	93	93	3	3
no_harness	5150	5150	20	167	537	543	190	161	95	94	3	3
harness_first	5150	5150	1	8	52	33	32	27	51	50	0	1
harness_first	5150	5150	2	27	56	59	37	24	52	52	1	1
harness_first	5150	5150	3	24	81	71	50	34	51	51	1	1
harness_first	5150	5150	4	34	81	90	42	25	52	52	1	1
harness_first	5150	5150	5	25	128	119	54	34	56	55	1	2
harness_first	5150	5150	6	34	122	119	64	37	58	57	2	1
harness_first	5150	5150	7	37	136	144	55	29	59	59	1	2
harness_first	5150	5150	8	29	213	207	63	35	61	61	2	2
harness_first	5150	5150	9	35	191	187	69	39	63	60	2	2
harness_first	5150	5150	10	39	187	190	70	36	62	62	2	2
harness_first	5150	5150	11	36	214	212	71	38	65	64	2	3
harness_first	5150	5150	12	38	269	284	78	23	60	65	3	3
harness_first	5150	5150	13	23	240	232	77	31	69	65	3	2
harness_first	5150	5150	14	31	181	195	60	17	63	60	2	2
harness_first	5150	5150	15	17	184	171	73	30	64	59	2	2
harness_first	5150	5150	16	30	175	184	67	21	62	58	2	2
harness_first	5150	5150	17	21	150	149	67	22	60	59	2	2
harness_first	5150	5150	18	22	218	208	72	32	61	59	2	2
harness_first	5150	5150	19	32	191	191	72	32	61	60	2	2
harness_first	5150	5150	20	32	170	172	73	30	63	63	2	2
development_first	5150	5150	1	8	52	33	32	27	51	50	0	1
development_first	5150	5150	2	27	56	59	37	24	52	52	1	1
development_first	5150	5150	3	24	81	74	47	31	52	51	1	1
development_first	5150	5150	4	31	81	84	45	28	52	52	1	1
development_first	5150	5150	5	28	136	143	41	21	56	56	1	2
development_first	5150	5150	6	21	122	114	56	29	58	58	2	1
development_first	5150	5150	7	29	136	132	57	33	60	60	1	2
development_first	5150	5150	8	33	159	150	70	42	62	62	2	2
development_first	5150	5150	9	42	178	188	62	32	64	62	2	2
development_first	5150	5150	10	32	225	213	73	44	62	61	2	2
development_first	5150	5150	11	44	229	226	75	47	64	65	2	2
development_first	5150	5150	12	47	170	185	63	32	69	68	2	3
development_first	5150	5150	13	32	262	271	77	23	71	69	3	3
development_first	5150	5150	14	23	245	240	80	28	68	61	3	3
development_first	5150	5150	15	28	241	237	79	32	63	63	3	2
development_first	5150	5150	16	32	179	186	66	25	65	59	2	2
development_first	5150	5150	17	25	169	162	72	32	62	63	2	2
development_first	5150	5150	18	32	211	210	71	33	65	65	2	2
development_first	5150	5150	19	33	270	271	72	32	65	64	2	2
development_first	5150	5150	20	32	233	239	70	26	70	69	2	3
no_harness	5150	13069	1	8	58	34	33	32	50	50	0	1
no_harness	5150	13069	2	32	113	107	51	38	53	53	1	2
no_harness	5150	13069	3	38	134	136	56	36	56	55	2	2
no_harness	5150	13069	4	36	134	117	73	53	60	59	2	2
no_harness	5150	13069	5	53	182	189	70	46	64	64	2	2
no_harness	5150	13069	6	46	172	176	64	42	67	67	2	2
no_harness	5150	13069	7	42	226	213	73	55	73	73	2	2
no_harness	5150	13069	8	55	226	230	74	51	79	79	2	3
no_harness	5150	13069	9	51	262	258	84	55	84	82	3	3
no_harness	5150	13069	10	55	389	349	123	95	89	89	3	3
no_harness	5150	13069	11	95	324	360	93	59	89	89	3	3
no_harness	5150	13069	12	59	458	366	183	151	91	90	3	3
no_harness	5150	13069	13	151	379	436	125	94	92	91	3	3
no_harness	5150	13069	14	94	498	437	187	155	91	91	3	3
no_harness	5150	13069	15	155	483	482	187	156	92	91	3	3
no_harness	5150	13069	16	156	444	475	155	125	94	93	3	3
no_harness	5150	13069	17	125	401	465	92	61	94	91	3	3
no_harness	5150	13069	18	61	467	409	150	119	94	94	3	3
no_harness	5150	13069	19	119	555	481	225	193	94	93	3	3
no_harness	5150	13069	20	193	549	538	237	204	94	93	3	3
harness_first	5150	13069	1	8	56	40	29	24	51	51	0	1
harness_first	5150	13069	2	24	82	82	41	24	52	52	1	1
harness_first	5150	13069	3	24	82	87	38	19	54	53	1	1
harness_first	5150	13069	4	19	112	97	54	34	55	55	1	2
harness_first	5150	13069	5	34	148	150	63	32	57	57	2	2
harness_first	5150	13069	6	32	152	150	65	34	57	57	2	2
harness_first	5150	13069	7	34	177	185	55	26	57	60	2	2
harness_first	5150	13069	8	26	172	171	61	27	64	63	2	2
harness_first	5150	13069	9	27	195	183	71	39	58	63	2	2
harness_first	5150	13069	10	39	206	205	73	40	69	69	2	3
harness_first	5150	13069	11	40	253	282	65	11	70	70	3	3
harness_first	5150	13069	12	11	245	229	77	27	74	73	3	3
harness_first	5150	13069	13	27	293	285	81	35	77	76	3	3
harness_first	5150	13069	14	35	263	259	83	39	77	72	3	3
harness_first	5150	13069	15	39	258	256	96	41	74	72	3	3
harness_first	5150	13069	16	41	297	303	89	35	80	80	3	3
harness_first	5150	13069	17	35	433	325	192	143	78	77	3	3
harness_first	5150	13069	18	143	374	469	97	48	81	82	3	3
harness_first	5150	13069	19	48	422	435	87	35	85	86	3	3
harness_first	5150	13069	20	35	402	377	110	60	87	87	3	3
development_first	5150	13069	1	8	56	40	29	24	51	51	0	1
development_first	5150	13069	2	24	82	82	41	24	52	52	1	1
development_first	5150	13069	3	24	82	87	38	19	54	53	1	1
development_first	5150	13069	4	19	112	106	45	25	55	55	1	2
development_first	5150	13069	5	25	148	145	59	28	58	57	2	2
development_first	5150	13069	6	28	152	150	61	30	58	57	2	2
development_first	5150	13069	7	30	177	170	66	37	57	59	2	2
development_first	5150	13069	8	37	172	176	67	33	63	62	2	2
development_first	5150	13069	9	33	213	203	73	43	63	63	2	2
development_first	5150	13069	10	43	187	186	74	44	67	67	2	2
development_first	5150	13069	11	44	206	216	66	34	73	72	2	3
development_first	5150	13069	12	34	233	237	84	30	75	74	3	3
development_first	5150	13069	13	30	275	277	83	28	77	76	3	3
development_first	5150	13069	14	28	288	286	76	30	75	71	3	3
development_first	5150	13069	15	30	259	258	81	31	71	69	3	3
development_first	5150	13069	16	31	269	274	74	26	77	76	3	3
development_first	5150	13069	17	26	281	279	76	28	73	72	3	3
development_first	5150	13069	18	28	245	245	78	28	71	68	3	3
development_first	5150	13069	19	28	312	303	91	37	74	71	3	3
development_first	5150	13069	20	37	353	353	91	37	74	74	3	3
no_harness	5150	20988	1	8	41	28	21	21	51	50	0	1
no_harness	5150	20988	2	21	57	45	41	33	51	51	1	1
no_harness	5150	20988	3	33	60	52	52	41	52	51	1	1
no_harness	5150	20988	4	41	77	74	53	44	54	56	1	1
no_harness	5150	20988	5	44	112	111	57	45	58	58	1	2
no_harness	5150	20988	6	45	144	140	66	49	62	62	2	1
no_harness	5150	20988	7	49	127	134	56	42	64	64	1	2
no_harness	5150	20988	8	42	158	155	62	45	66	65	2	2
no_harness	5150	20988	9	45	178	184	60	39	72	72	2	3
no_harness	5150	20988	10	39	197	198	71	38	75	75	3	3
no_harness	5150	20988	11	38	221	205	80	54	79	78	3	3
no_harness	5150	20988	12	54	367	268	180	153	82	79	3	3
no_harness	5150	20988	13	153	327	363	143	117	86	85	3	3
no_harness	5150	20988	14	117	380	366	161	131	87	84	3	3
no_harness	5150	20988	15	131	403	471	94	63	88	86	3	3
no_harness	5150	20988	16	63	390	369	115	84	92	90	3	3
no_harness	5150	20988	17	84	486	398	204	172	93	92	3	3
no_harness	5150	20988	18	172	436	511	126	97	93	90	3	3
no_harness	5150	20988	19	97	517	449	195	165	94	92	3	3
no_harness	5150	20988	20	165	485	487	193	163	94	92	3	3
harness_first	5150	20988	1	8	41	28	21	21	51	50	0	1
harness_first	5150	20988	2	21	57	55	35	23	51	51	1	1
harness_first	5150	20988	3	23	65	72	36	16	52	51	1	1
harness_first	5150	20988	4	16	76	73	36	19	54	55	1	1
harness_first	5150	20988	5	19	104	84	59	39	57	57	1	2
harness_first	5150	20988	6	39	144	160	49	23	59	59	2	1
harness_first	5150	20988	7	23	128	115	58	36	59	58	1	2
harness_first	5150	20988	8	36	154	157	63	33	59	62	2	2
harness_first	5150	20988	9	33	153	151	64	35	65	65	2	2
harness_first	5150	20988	10	35	149	150	65	34	68	67	2	2
harness_first	5150	20988	11	34	152	164	53	22	71	71	2	3
harness_first	5150	20988	12	22	206	208	66	20	74	71	3	3
harness_first	5150	20988	13	20	219	213	77	26	75	74	3	3
harness_first	5150	20988	14	26	234	215	90	45	74	72	3	3
harness_first	5150	20988	15	45	287	313	74	19	71	68	3	3
harness_first	5150	20988	16	19	260	257	76	22	73	66	3	3
harness_first	5150	20988	17	22	266	265	80	23	69	68	3	3
harness_first	5150	20988	18	23	238	239	76	22	71	64	3	3
harness_first	5150	20988	19	22	252	252	76	22	65	65	3	3
harness_first	5150	20988	20	22	237	225	80	34	67	67	3	2
development_first	5150	20988	1	8	41	28	21	21	51	50	0	1
development_first	5150	20988	2	21	57	55	35	23	51	51	1	1
development_first	5150	20988	3	23	65	72	36	16	52	51	1	1
development_first	5150	20988	4	16	76	70	39	22	54	55	1	1
development_first	5150	20988	5	22	104	94	52	32	58	57	1	2
development_first	5150	20988	6	32	145	161	48	16	60	60	2	2
development_first	5150	20988	7	16	127	124	49	19	60	59	2	2
development_first	5150	20988	8	19	160	160	48	19	61	64	2	2
development_first	5150	20988	9	19	175	156	68	38	65	65	2	3
development_first	5150	20988	10	38	252	275	68	15	67	67	3	3
development_first	5150	20988	11	15	249	229	82	35	70	69	3	2
development_first	5150	20988	12	35	235	242	71	28	73	71	2	3
development_first	5150	20988	13	28	256	271	65	13	74	73	3	3
development_first	5150	20988	14	13	235	223	75	25	72	75	3	3
development_first	5150	20988	15	25	262	263	76	24	73	71	3	3
development_first	5150	20988	16	24	227	221	81	30	73	64	3	3
development_first	5150	20988	17	30	251	243	84	38	70	63	3	2
development_first	5150	20988	18	38	230	239	72	29	67	61	2	3
development_first	5150	20988	19	29	262	257	81	34	62	57	3	2
development_first	5150	20988	20	34	196	206	68	24	65	64	2	3
no_harness	5150	28907	1	8	42	21	29	29	50	50	0	1
no_harness	5150	28907	2	29	97	93	44	33	53	53	1	2
no_harness	5150	28907	3	33	133	129	57	37	56	56	2	2
no_harness	5150	28907	4	37	141	132	64	46	60	60	2	1
no_harness	5150	28907	5	46	125	130	57	41	62	62	1	2
no_harness	5150	28907	6	41	160	155	72	46	62	62	2	3
no_harness	5150	28907	7	46	223	219	80	50	62	61	3	2
no_harness	5150	28907	8	50	195	197	74	48	67	67	2	3
no_harness	5150	28907	9	48	256	261	82	43	74	77	3	3
no_harness	5150	28907	10	43	286	265	93	64	83	83	3	3
no_harness	5150	28907	11	64	313	312	96	65	87	87	3	3
no_harness	5150	28907	12	65	418	407	107	76	88	87	3	3
no_harness	5150	28907	13	76	374	391	91	59	89	88	3	3
no_harness	5150	28907	14	59	451	375	167	135	90	84	3	3
no_harness	5150	28907	15	135	478	457	184	156	89	88	3	3
no_harness	5150	28907	16	156	480	501	164	135	93	90	3	3
no_harness	5150	28907	17	135	519	501	183	153	92	88	3	3
no_harness	5150	28907	18	153	491	525	150	119	92	91	3	3
no_harness	5150	28907	19	119	389	444	94	64	95	93	3	3
no_harness	5150	28907	20	64	483	385	193	162	95	95	3	3
harness_first	5150	28907	1	8	42	31	23	19	50	50	0	1
harness_first	5150	28907	2	19	94	85	47	28	52	52	1	2
harness_first	5150	28907	3	28	104	105	57	27	54	54	2	2
harness_first	5150	28907	4	27	125	117	63	35	56	55	2	1
harness_first	5150	28907	5	35	109	125	40	19	57	57	1	1
harness_first	5150	28907	6	19	133	119	58	33	59	58	1	2
harness_first	5150	28907	7	33	204	212	55	25	60	60	2	2
harness_first	5150	28907	8	25	221	212	64	34	58	57	2	2
harness_first	5150	28907	9	34	175	181	63	28	58	57	2	2
harness_first	5150	28907	10	28	198	190	71	36	63	62	2	2
harness_first	5150	28907	11	36	209	210	70	35	63	62	2	3
harness_first	5150	28907	12	35	258	260	78	33	68	64	3	2
harness_first	5150	28907	13	33	196	201	71	28	66	65	2	3
harness_first	5150	28907	14	28	254	256	81	26	65	62	3	3
harness_first	5150	28907	15	26	246	240	78	32	65	65	3	2
harness_first	5150	28907	16	32	230	237	70	25	67	66	2	3
harness_first	5150	28907	17	25	214	212	75	27	65	58	3	2
harness_first	5150	28907	18	27	193	194	71	26	61	57	2	2
harness_first	5150	28907	19	26	149	160	60	15	56	56	2	2
harness_first	5150	28907	20	15	178	176	59	17	59	59	2	2
development_first	5150	28907	1	8	42	31	23	19	50	50	0	1
development_first	5150	28907	2	19	94	85	47	28	52	52	1	2
development_first	5150	28907	3	28	104	110	52	22	54	54	2	2
development_first	5150	28907	4	22	125	117	58	30	56	55	2	1
development_first	5150	28907	5	30	109	101	59	38	57	57	1	1
development_first	5150	28907	6	38	130	135	57	33	59	59	1	2
development_first	5150	28907	7	33	173	171	70	35	62	61	2	3
development_first	5150	28907	8	35	244	248	79	31	64	64	3	2
development_first	5150	28907	9	31	171	175	74	27	66	66	2	3
development_first	5150	28907	10	27	258	249	83	36	68	68	3	2
development_first	5150	28907	11	36	207	219	69	24	69	69	2	3
development_first	5150	28907	12	24	227	231	76	20	72	67	3	3
development_first	5150	28907	13	20	231	218	84	33	72	71	3	3
development_first	5150	28907	14	33	248	263	74	18	71	67	3	3
development_first	5150	28907	15	18	259	251	82	26	71	70	3	3
development_first	5150	28907	16	26	262	255	79	33	73	69	3	2
development_first	5150	28907	17	33	178	183	73	28	73	62	2	3
development_first	5150	28907	18	28	267	261	81	34	65	65	3	2
development_first	5150	28907	19	34	219	225	73	28	67	67	2	3
development_first	5150	28907	20	28	255	254	77	29	70	70	3	2
no_harness	5150	36826	1	8	39	15	32	32	50	50	0	0
no_harness	5150	36826	2	32	60	61	32	31	51	51	0	1
no_harness	5150	36826	3	31	115	97	57	49	53	52	1	1
no_harness	5150	36826	4	49	116	116	61	49	52	52	1	1
no_harness	5150	36826	5	49	129	126	66	52	55	55	1	2
no_harness	5150	36826	6	52	228	226	72	54	63	63	2	2
no_harness	5150	36826	7	54	221	225	69	50	69	68	2	2
no_harness	5150	36826	8	50	223	223	74	50	73	74	2	3
no_harness	5150	36826	9	50	243	252	75	41	79	79	3	3
no_harness	5150	36826	10	41	332	309	95	64	83	83	3	3
no_harness	5150	36826	11	64	405	409	92	60	89	88	3	3
no_harness	5150	36826	12	60	509	414	187	155	90	90	3	3
no_harness	5150	36826	13	155	527	524	186	158	92	91	3	3
no_harness	5150	36826	14	158	494	540	141	112	94	93	3	3
no_harness	5150	36826	15	112	425	472	94	65	94	89	3	3
no_harness	5150	36826	16	65	431	401	125	95	91	91	3	3
no_harness	5150	36826	17	95	452	462	116	85	92	92	3	3
no_harness	5150	36826	18	85	439	415	141	109	93	93	3	3
no_harness	5150	36826	19	109	488	433	196	164	93	89	3	3
no_harness	5150	36826	20	164	461	538	116	87	93	92	3	3
harness_first	5150	36826	1	8	39	19	30	28	50	50	0	0
harness_first	5150	36826	2	28	58	57	34	29	51	51	0	1
harness_first	5150	36826	3	29	103	113	36	19	53	53	1	1
harness_first	5150	36826	4	19	102	99	43	22	51	51	1	1
harness_first	5150	36826	5	22	126	117	54	31	53	53	1	2
harness_first	5150	36826	6	31	225	225	59	31	55	54	2	2
harness_first	5150	36826	7	31	212	220	55	23	56	55	2	2
harness_first	5150	36826	8	23	170	157	71	36	60	61	2	2
harness_first	5150	36826	9	36	226	232	63	30	58	62	2	2
harness_first	5150	36826	10	30	224	212	71	42	62	61	2	2
harness_first	5150	36826	11	42	176	181	71	37	67	66	2	2
harness_first	5150	36826	12	37	251	244	68	44	70	69	2	2
harness_first	5150	36826	13	44	203	214	63	33	68	68	2	2
harness_first	5150	36826	14	33	220	213	72	40	72	71	2	3
harness_first	5150	36826	15	40	289	304	74	25	73	63	3	3
harness_first	5150	36826	16	25	281	275	83	31	68	65	3	3
harness_first	5150	36826	17	31	240	239	79	32	68	58	3	2
harness_first	5150	36826	18	32	183	195	67	20	62	59	2	2
harness_first	5150	36826	19	20	209	204	72	25	62	62	2	3
harness_first	5150	36826	20	25	249	245	75	29	66	65	3	2
development_first	5150	36826	1	8	39	19	30	28	50	50	0	0
development_first	5150	36826	2	28	58	57	34	29	51	51	0	1
development_first	5150	36826	3	29	103	113	36	19	53	53	1	1
development_first	5150	36826	4	19	102	99	43	22	51	51	1	1
development_first	5150	36826	5	22	126	112	59	36	53	53	1	2
development_first	5150	36826	6	36	225	231	58	30	56	55	2	2
development_first	5150	36826	7	30	212	209	65	33	57	57	2	2
development_first	5150	36826	8	33	171	166	72	38	63	64	2	2
development_first	5150	36826	9	38	234	234	68	38	60	66	2	2
development_first	5150	36826	10	38	209	210	71	37	66	66	2	3
development_first	5150	36826	11	37	232	239	77	30	71	70	3	2
development_first	5150	36826	12	30	217	222	71	25	73	72	2	3
development_first	5150	36826	13	25	270	272	80	23	75	74	3	3
development_first	5150	36826	14	23	266	257	80	32	74	73	3	3
development_first	5150	36826	15	32	273	270	82	35	72	55	3	2
development_first	5150	36826	16	35	160	177	64	18	61	60	2	3
development_first	5150	36826	17	18	272	261	76	29	65	54	3	2
development_first	5150	36826	18	29	196	194	71	31	57	52	2	2
development_first	5150	36826	19	31	172	170	74	33	54	54	2	1
development_first	5150	36826	20	33	153	160	64	26	58	58	1	2
no_harness	2718	2718	1	8	53	25	37	36	51	50	0	1
no_harness	2718	2718	2	36	98	90	53	44	52	52	1	2
no_harness	2718	2718	3	44	105	103	65	46	54	54	2	2
no_harness	2718	2718	4	46	130	133	60	43	59	59	2	1
no_harness	2718	2718	5	43	110	122	47	31	62	63	1	2
no_harness	2718	2718	6	31	159	142	67	48	68	68	2	2
no_harness	2718	2718	7	48	254	245	83	57	71	70	2	3
no_harness	2718	2718	8	57	282	280	93	59	75	75	3	3
no_harness	2718	2718	9	59	341	308	124	92	83	82	3	3
no_harness	2718	2718	10	92	363	398	87	57	86	86	3	3
no_harness	2718	2718	11	57	462	396	154	123	90	90	3	3
no_harness	2718	2718	12	123	497	472	180	148	94	93	3	3
no_harness	2718	2718	13	148	545	531	194	162	94	94	3	3
no_harness	2718	2718	14	162	362	442	113	82	94	91	3	3
no_harness	2718	2718	15	82	532	461	185	153	94	93	3	3
no_harness	2718	2718	16	153	531	475	238	209	94	94	3	3
no_harness	2718	2718	17	209	484	528	195	165	95	94	3	3
no_harness	2718	2718	18	165	452	473	175	144	95	93	3	3
no_harness	2718	2718	19	144	479	499	155	124	95	94	3	3
no_harness	2718	2718	20	124	457	402	210	179	95	95	3	3
harness_first	2718	2718	1	8	53	35	31	26	51	50	0	1
harness_first	2718	2718	2	26	95	96	43	25	50	50	1	2
harness_first	2718	2718	3	25	94	97	47	22	51	50	2	1
harness_first	2718	2718	4	22	107	112	41	17	54	54	1	2
harness_first	2718	2718	5	17	118	102	65	33	57	57	2	2
harness_first	2718	2718	6	33	141	137	66	37	57	57	2	2
harness_first	2718	2718	7	37	135	136	66	36	59	59	2	2
harness_first	2718	2718	8	36	185	183	69	38	61	63	2	2
harness_first	2718	2718	9	38	198	190	74	46	65	64	2	2
harness_first	2718	2718	10	46	228	229	81	45	66	66	2	2
harness_first	2718	2718	11	45	212	209	85	48	70	70	2	3
harness_first	2718	2718	12	48	276	291	86	33	73	71	3	3
harness_first	2718	2718	13	33	357	346	95	44	67	63	3	3
harness_first	2718	2718	14	44	264	279	87	29	68	65	3	3
harness_first	2718	2718	15	29	330	324	93	35	70	70	3	3
harness_first	2718	2718	16	35	296	296	94	35	65	63	3	3
harness_first	2718	2718	17	35	259	249	96	45	65	63	3	2
harness_first	2718	2718	18	45	226	236	81	35	65	64	2	2
harness_first	2718	2718	19	35	253	254	82	34	67	70	2	3
harness_first	2718	2718	20	34	307	315	78	26	74	73	3	2
development_first	2718	2718	1	8	53	35	31	26	51	50	0	1
development_first	2718	2718	2	26	95	96	43	25	50	50	1	2
development_first	2718	2718	3	25	94	97	47	22	51	50	2	1
development_first	2718	2718	4	22	107	112	41	17	54	54	1	2
development_first	2718	2718	5	17	118	113	54	22	57	57	2	2
development_first	2718	2718	6	22	141	128	64	35	56	56	2	2
development_first	2718	2718	7	35	134	135	65	34	59	59	2	2
development_first	2718	2718	8	34	168	157	74	45	63	63	2	2
development_first	2718	2718	9	45	233	238	74	40	67	67	2	3
development_first	2718	2718	10	40	219	243	65	16	67	66	3	2
development_first	2718	2718	11	16	238	224	72	30	74	73	2	3
development_first	2718	2718	12	30	281	279	81	32	77	76	3	3
development_first	2718	2718	13	32	351	289	140	94	74	71	3	3
development_first	2718	2718	14	94	234	290	84	38	76	76	3	3
development_first	2718	2718	15	38	296	297	81	37	78	77	3	3
development_first	2718	2718	16	37	322	326	82	33	79	76	3	3
development_first	2718	2718	17	33	281	275	87	39	81	75	3	3
development_first	2718	2718	18	39	345	344	87	40	78	78	3	3
development_first	2718	2718	19	40	444	430	102	54	83	83	3	3
development_first	2718	2718	20	54	391	386	108	59	86	86	3	3
no_harness	2718	10637	1	8	55	33	31	30	51	50	0	1
no_harness	2718	10637	2	30	106	93	55	43	53	53	1	2
no_harness	2718	10637	3	43	116	111	66	48	57	57	2	1
no_harness	2718	10637	4	48	96	107	53	37	59	59	1	2
no_harness	2718	10637	5	37	188	188	58	37	64	65	2	3
no_harness	2718	10637	6	37	162	157	80	42	66	66	3	3
no_harness	2718	10637	7	42	202	198	82	46	71	71	3	3
no_harness	2718	10637	8	46	261	264	77	43	76	76	3	3
no_harness	2718	10637	9	43	249	238	81	54	78	78	3	3
no_harness	2718	10637	10	54	334	325	95	63	85	85	3	3
no_harness	2718	10637	11	63	384	315	165	132	89	89	3	3
no_harness	2718	10637	12	132	394	383	175	143	89	88	3	3
no_harness	2718	10637	13	143	526	510	192	159	93	92	3	3
no_harness	2718	10637	14	159	544	539	193	164	94	93	3	3
no_harness	2718	10637	15	164	452	482	163	134	95	94	3	3
no_harness	2718	10637	16	134	486	496	153	124	94	93	3	3
no_harness	2718	10637	17	124	522	461	215	185	95	94	3	3
no_harness	2718	10637	18	185	444	505	155	124	95	93	3	3
no_harness	2718	10637	19	124	511	476	190	159	95	94	3	3
no_harness	2718	10637	20	159	480	474	196	165	95	94	3	3
harness_first	2718	10637	1	8	53	33	33	28	51	50	0	1
harness_first	2718	10637	2	28	97	96	48	29	53	52	1	2
harness_first	2718	10637	3	29	98	105	47	22	55	55	2	1
harness_first	2718	10637	4	22	76	75	48	23	56	55	1	2
harness_first	2718	10637	5	23	169	171	49	21	58	58	2	2
harness_first	2718	10637	6	21	148	149	47	20	58	58	2	1
harness_first	2718	10637	7	20	136	131	50	25	61	60	1	2
harness_first	2718	10637	8	25	160	142	70	43	62	62	2	2
harness_first	2718	10637	9	43	180	183	72	40	63	63	2	2
harness_first	2718	10637	10	40	210	212	73	38	66	68	2	3
harness_first	2718	10637	11	38	265	274	81	29	72	72	3	3
harness_first	2718	10637	12	29	257	251	80	35	75	74	3	3
harness_first	2718	10637	13	35	244	251	80	28	74	72	3	3
harness_first	2718	10637	14	28	310	270	112	68	77	73	3	3
harness_first	2718	10637	15	68	281	320	77	29	77	77	3	3
harness_first	2718	10637	16	29	283	275	84	37	78	77	3	3
harness_first	2718	10637	17	37	254	264	74	27	79	67	3	3
harness_first	2718	10637	18	27	265	260	84	32	71	70	3	3
harness_first	2718	10637	19	32	231	237	77	26	74	73	3	3
harness_first	2718	10637	20	26	350	287	136	89	77	72	3	3
development_first	2718	10637	1	8	53	33	33	28	51	50	0	1
development_first	2718	10637	2	28	97	96	48	29	53	52	1	2
development_first	2718	10637	3	29	98	96	56	31	55	55	2	1
development_first	2718	10637	4	31	79	84	49	26	56	55	1	2
development_first	2718	10637	5	26	149	140	64	35	58	58	2	2
development_first	2718	10637	6	35	135	136	59	34	61	60	2	1
development_first	2718	10637	7	34	131	148	42	17	63	63	1	2
development_first	2718	10637	8	17	174	145	73	46	67	67	2	2
development_first	2718	10637	9	46	206	209	70	43	68	68	2	2
development_first	2718	10637	10	43	231	229	69	45	71	73	2	2
development_first	2718	10637	11	45	210	216	69	39	78	78	2	3
development_first	2718	10637	12	39	282	282	83	39	81	80	3	3
development_first	2718	10637	13	39	337	317	106	59	81	80	3	3
development_first	2718	10637	14	59	385	408	84	36	84	82	3	3
development_first	2718	10637	15	36	345	340	89	41	85	80	3	3
development_first	2718	10637	16	41	463	397	156	107	83	82	3	3
development_first	2718	10637	17	107	337	392	102	52	84	73	3	3
development_first	2718	10637	18	52	331	340	93	43	76	74	3	3
development_first	2718	10637	19	43	338	355	82	26	81	76	3	3
development_first	2718	10637	20	26	324	315	90	35	78	75	3	3
no_harness	2718	18556	1	8	55	26	39	37	51	51	0	1
no_harness	2718	18556	2	37	68	63	50	42	52	52	1	1
no_harness	2718	18556	3	42	99	103	49	38	54	54	1	2
no_harness	2718	18556	4	38	134	133	59	39	59	59	2	2
no_harness	2718	18556	5	39	186	196	51	29	64	63	2	2
no_harness	2718	18556	6	29	139	120	67	48	68	66	2	2
no_harness	2718	18556	7	48	271	271	70	48	71	71	2	3
no_harness	2718	18556	8	48	240	241	84	47	76	75	3	3
no_harness	2718	18556	9	47	244	240	81	51	81	80	3	3
no_harness	2718	18556	10	51	300	293	84	58	83	83	3	3
no_harness	2718	18556	11	58	394	337	142	115	86	85	3	3
no_harness	2718	18556	12	115	430	423	152	122	87	86	3	3
no_harness	2718	18556	13	122	515	480	187	157	90	89	3	3
no_harness	2718	18556	14	157	515	489	192	183	94	93	3	3
no_harness	2718	18556	15	183	498	558	153	123	94	93	3	3
no_harness	2718	18556	16	123	476	412	218	187	94	92	3	3
no_harness	2718	18556	17	187	573	605	186	155	95	93	3	3
no_harness	2718	18556	18	155	510	462	235	203	95	95	3	3
no_harness	2718	18556	19	203	474	414	295	263	95	92	3	3
no_harness	2718	18556	20	263	445	583	157	125	96	94	3	3
harness_first	2718	18556	1	8	55	40	29	23	51	51	0	1
harness_first	2718	18556	2	23	72	73	39	22	51	51	1	1
harness_first	2718	18556	3	22	95	98	38	19	52	52	1	2
harness_first	2718	18556	4	19	124	127	47	16	56	55	2	2
harness_first	2718	18556	5	16	153	135	61	34	58	58	2	1
harness_first	2718	18556	6	34	112	129	40	17	60	59	1	2
harness_first	2718	18556	7	17	150	133	64	34	62	61	2	2
harness_first	2718	18556	8	34	177	171	71	40	64	64	2	3
harness_first	2718	18556	9	40	203	216	74	27	66	66	3	2
harness_first	2718	18556	10	27	133	130	74	30	68	67	2	2
harness_first	2718	18556	11	30	208	210	73	28	69	69	2	3
harness_first	2718	18556	12	28	241	241	83	28	70	64	3	3
harness_first	2718	18556	13	28	225	225	74	28	66	65	3	2
harness_first	2718	18556	14	28	222	226	69	24	67	63	2	3
harness_first	2718	18556	15	24	228	225	74	27	65	61	3	2
harness_first	2718	18556	16	27	164	162	70	29	62	54	2	2
harness_first	2718	18556	17	29	171	176	70	24	59	59	2	2
harness_first	2718	18556	18	24	159	172	55	11	54	59	2	2
harness_first	2718	18556	19	11	206	188	73	29	63	61	2	3
harness_first	2718	18556	20	29	218	215	79	32	63	63	3	2
development_first	2718	18556	1	8	55	40	29	23	51	51	0	1
development_first	2718	18556	2	23	72	73	39	22	51	51	1	1
development_first	2718	18556	3	22	95	98	38	19	52	52	1	2
development_first	2718	18556	4	19	124	127	47	16	56	55	2	2
development_first	2718	18556	5	16	156	139	59	33	58	58	2	1
development_first	2718	18556	6	33	112	114	54	31	60	60	1	2
development_first	2718	18556	7	31	150	145	66	36	63	62	2	2
development_first	2718	18556	8	36	177	171	73	42	66	65	2	3
development_first	2718	18556	9	42	215	228	76	29	68	68	3	2
development_first	2718	18556	10	29	182	189	65	22	71	70	2	3
development_first	2718	18556	11	22	270	263	77	29	73	72	3	3
development_first	2718	18556	12	29	240	249	75	20	74	68	3	3
development_first	2718	18556	13	20	281	278	75	23	70	69	3	3
development_first	2718	18556	14	23	239	236	82	26	71	68	3	3
development_first	2718	18556	15	26	260	260	81	26	70	66	3	3
development_first	2718	18556	16	26	272	276	77	22	69	63	3	3
development_first	2718	18556	17	22	233	225	83	30	66	65	3	3
development_first	2718	18556	18	30	259	263	80	26	68	68	3	3
development_first	2718	18556	19	26	236	231	78	31	71	70	3	2
development_first	2718	18556	20	31	235	241	69	25	73	73	2	3
no_harness	2718	26475	1	8	65	33	42	40	51	50	0	1
no_harness	2718	26475	2	40	121	113	56	48	53	53	1	1
no_harness	2718	26475	3	48	108	114	55	42	56	55	1	2
no_harness	2718	26475	4	42	156	159	59	39	59	59	2	2
no_harness	2718	26475	5	39	147	144	64	42	62	62	2	2
no_harness	2718	26475	6	42	141	128	72	55	66	66	2	2
no_harness	2718	26475	7	55	263	274	67	44	72	71	2	3
no_harness	2718	26475	8	44	303	294	82	53	75	75	3	3
no_harness	2718	26475	9	53	308	302	91	59	79	79	3	3
no_harness	2718	26475	10	59	360	305	144	114	83	83	3	3
no_harness	2718	26475	11	114	472	496	121	90	88	88	3	3
no_harness	2718	26475	12	90	446	376	190	160	91	90	3	3
no_harness	2718	26475	13	160	570	580	181	150	94	94	3	3
no_harness	2718	26475	14	150	518	477	222	191	94	93	3	3
no_harness	2718	26475	15	191	486	473	236	204	94	93	3	3
no_harness	2718	26475	16	204	496	493	239	207	94	94	3	3
no_harness	2718	26475	17	207	433	452	220	188	95	94	3	3
no_harness	2718	26475	18	188	417	410	227	195	95	94	3	3
no_harness	2718	26475	19	195	453	483	197	165	94	94	3	3
no_harness	2718	26475	20	165	494	490	201	169	95	94	3	3
harness_first	2718	26475	1	8	65	43	36	30	51	50	0	1
harness_first	2718	26475	2	30	103	97	51	36	52	52	1	1
harness_first	2718	26475	3	36	109	122	43	23	54	54	1	2
harness_first	2718	26475	4	23	138	136	55	25	56	56	2	2
harness_first	2718	26475	5	25	151	146	58	30	59	59	2	2
harness_first	2718	26475	6	30	170	163	64	37	61	61	2	2
harness_first	2718	26475	7	37	185	183	64	39	63	62	2	2
harness_first	2718	26475	8	39	190	184	72	45	65	65	2	2
harness_first	2718	26475	9	45	220	224	73	41	69	69	2	3
harness_first	2718	26475	10	41	249	265	78	25	73	72	3	3
harness_first	2718	26475	11	25	277	269	82	33	77	76	3	3
harness_first	2718	26475	12	33	272	282	76	23	75	74	3	3
harness_first	2718	26475	13	23	292	284	79	31	79	78	3	3
harness_first	2718	26475	14	31	284	283	75	32	80	76	3	3
harness_first	2718	26475	15	32	236	240	78	28	78	76	3	3
harness_first	2718	26475	16	28	270	266	80	32	78	68	3	3
harness_first	2718	26475	17	32	215	222	74	25	70	70	3	2
harness_first	2718	26475	18	25	184	182	72	27	72	71	2	3
harness_first	2718	26475	19	27	291	288	79	30	73	72	3	3
harness_first	2718	26475	20	30	276	273	81	33	75	74	3	3
development_first	2718	26475	1	8	65	43	36	30	51	50	0	1
development_first	2718	26475	2	30	103	100	48	33	53	52	1	1
development_first	2718	26475	3	33	109	122	40	20	54	54	1	2
development_first	2718	26475	4	20	138	137	51	21	57	56	2	2
development_first	2718	26475	5	21	151	153	47	19	60	60	2	2
development_first	2718	26475	6	19	172	157	60	34	62	62	2	2
development_first	2718	26475	7	34	185	180	64	39	64	64	2	2
development_first	2718	26475	8	39	201	198	73	42	67	66	2	3
development_first	2718	26475	9	42	206	216	79	32	69	69	3	2
development_first	2718	26475	10	32	227	229	73	30	72	72	2	3
development_first	2718	26475	11	30	303	298	84	35	74	73	3	3
development_first	2718	26475	12	35	270	267	89	38	74	73	3	3
development_first	2718	26475	13	38	361	352	95	47	79	78	3	3
development_first	2718	26475	14	47	326	325	96	48	81	78	3	3
development_first	2718	26475	15	48	349	322	123	75	81	80	3	3
development_first	2718	26475	16	75	385	401	107	59	84	79	3	3
development_first	2718	26475	17	59	494	412	190	141	83	80	3	3
development_first	2718	26475	18	141	458	499	150	100	87	86	3	3
development_first	2718	26475	19	100	470	442	179	128	90	90	3	3
development_first	2718	26475	20	128	387	440	125	75	92	92	3	3
no_harness	2718	34394	1	8	38	25	20	21	49	49	0	0
no_harness	2718	34394	2	21	51	36	37	36	51	51	0	1
no_harness	2718	34394	3	36	94	86	53	44	54	54	1	1
no_harness	2718	34394	4	44	89	87	62	46	55	55	1	2
no_harness	2718	34394	5	46	159	153	73	52	58	58	2	1
no_harness	2718	34394	6	52	145	156	58	41	60	60	1	2
no_harness	2718	34394	7	41	197	183	74	55	63	63	2	2
no_harness	2718	34394	8	55	180	187	73	48	69	69	2	3
no_harness	2718	34394	9	48	279	278	80	49	73	73	3	3
no_harness	2718	34394	10	49	248	248	76	49	78	78	3	3
no_harness	2718	34394	11	49	321	304	95	66	83	83	3	3
no_harness	2718	34394	12	66	484	395	185	155	87	87	3	3
no_harness	2718	34394	13	155	444	485	144	114	91	91	3	3
no_harness	2718	34394	14	114	389	441	92	62	92	91	3	3
no_harness	2718	34394	15	62	490	382	201	170	92	91	3	3
no_harness	2718	34394	16	170	542	547	196	165	92	93	3	3
no_harness	2718	34394	17	165	480	450	226	195	94	93	3	3
no_harness	2718	34394	18	195	447	584	90	58	94	94	3	3
no_harness	2718	34394	19	58	513	343	260	228	95	93	3	3
no_harness	2718	34394	20	228	431	530	161	129	94	93	3	3
harness_first	2718	34394	1	8	38	25	20	21	49	49	0	0
harness_first	2718	34394	2	21	51	46	31	26	51	51	0	1
harness_first	2718	34394	3	26	91	88	45	29	53	53	1	1
harness_first	2718	34394	4	29	83	82	48	30	54	54	1	2
harness_first	2718	34394	5	30	133	137	55	26	56	56	2	2
harness_first	2718	34394	6	26	105	98	65	33	58	58	2	2
harness_first	2718	34394	7	33	118	134	47	17	60	59	2	2
harness_first	2718	34394	8	17	181	166	64	32	62	62	2	3
harness_first	2718	34394	9	32	190	206	61	16	64	62	3	2
harness_first	2718	34394	10	16	176	178	55	14	61	63	2	3
harness_first	2718	34394	11	14	200	192	68	22	61	60	3	2
harness_first	2718	34394	12	22	157	150	74	29	63	62	2	3
harness_first	2718	34394	13	29	203	196	83	36	63	61	3	2
harness_first	2718	34394	14	36	165	171	73	30	63	62	2	2
harness_first	2718	34394	15	30	204	206	71	28	59	57	2	2
harness_first	2718	34394	16	28	191	202	60	17	64	55	2	2
harness_first	2718	34394	17	17	215	205	70	27	57	54	2	2
harness_first	2718	34394	18	27	167	176	63	18	56	52	2	2
harness_first	2718	34394	19	18	178	175	68	21	54	49	2	2
harness_first	2718	34394	20	21	141	134	70	28	49	49	2	1
development_first	2718	34394	1	8	38	25	20	21	49	49	0	0
development_first	2718	34394	2	21	51	46	31	26	51	51	0	1
development_first	2718	34394	3	26	91	88	45	29	53	53	1	1
development_first	2718	34394	4	29	83	85	45	27	54	54	1	2
development_first	2718	34394	5	27	118	125	50	20	56	56	2	2
development_first	2718	34394	6	20	111	99	64	32	58	57	2	2
development_first	2718	34394	7	32	127	139	49	20	59	59	2	2
development_first	2718	34394	8	20	182	163	73	39	62	62	2	3
development_first	2718	34394	9	39	199	210	76	28	65	63	3	2
development_first	2718	34394	10	28	207	212	67	23	63	66	2	3
development_first	2718	34394	11	23	258	254	76	27	66	65	3	2
development_first	2718	34394	12	27	229	226	73	30	67	66	2	3
development_first	2718	34394	13	30	237	242	78	25	69	70	3	3
development_first	2718	34394	14	25	272	271	81	26	72	70	3	3
development_first	2718	34394	15	26	283	278	79	31	70	68	3	3
development_first	2718	34394	16	31	250	255	75	26	64	59	3	3
development_first	2718	34394	17	26	263	264	80	25	66	65	3	3
development_first	2718	34394	18	25	289	284	84	30	67	61	3	3
development_first	2718	34394	19	30	274	281	71	23	64	60	3	2
development_first	2718	34394	20	23	166	165	64	24	59	59	2	2
no_harness	6060	6060	1	8	56	28	36	36	49	49	0	1
no_harness	6060	6060	2	36	79	73	52	42	52	52	1	2
no_harness	6060	6060	3	42	114	117	56	39	55	55	2	1
no_harness	6060	6060	4	39	105	118	43	26	56	56	1	2
no_harness	6060	6060	5	26	134	111	67	49	58	58	2	1
no_harness	6060	6060	6	49	128	128	64	49	60	60	1	2
no_harness	6060	6060	7	49	196	202	67	43	61	59	2	3
no_harness	6060	6060	8	43	266	257	81	52	64	63	3	2
no_harness	6060	6060	9	52	199	204	74	47	67	66	2	2
no_harness	6060	6060	10	47	182	174	74	55	71	71	2	2
no_harness	6060	6060	11	55	234	232	86	57	79	79	2	3
no_harness	6060	6060	12	57	383	378	93	62	84	84	3	3
no_harness	6060	6060	13	62	342	319	115	85	87	86	3	3
no_harness	6060	6060	14	85	397	387	125	95	90	89	3	3
no_harness	6060	6060	15	95	501	443	184	153	91	90	3	3
no_harness	6060	6060	16	153	464	496	152	121	92	92	3	3
no_harness	6060	6060	17	121	478	438	191	161	93	92	3	3
no_harness	6060	6060	18	161	469	483	177	147	94	93	3	3
no_harness	6060	6060	19	147	451	442	186	156	95	93	3	3
no_harness	6060	6060	20	156	524	514	196	166	94	94	3	3
harness_first	6060	6060	1	8	56	36	32	28	49	49	0	1
harness_first	6060	6060	2	28	79	90	36	17	52	52	1	2
harness_first	6060	6060	3	17	120	108	55	29	55	54	2	1
harness_first	6060	6060	4	29	98	105	46	22	56	56	1	2
harness_first	6060	6060	5	22	126	126	47	22	58	58	2	1
harness_first	6060	6060	6	22	111	98	57	35	59	59	1	2
harness_first	6060	6060	7	35	163	168	61	30	59	58	2	3
harness_first	6060	6060	8	30	216	232	59	14	60	60	3	2
harness_first	6060	6060	9	14	139	141	50	12	61	61	2	2
harness_first	6060	6060	10	12	140	124	70	28	63	62	2	2
harness_first	6060	6060	11	28	178	176	68	30	66	66	2	2
harness_first	6060	6060	12	30	179	178	74	31	67	66	2	2
harness_first	6060	6060	13	31	220	224	72	27	68	67	2	3
harness_first	6060	6060	14	27	233	238	77	22	69	66	3	3
harness_first	6060	6060	15	22	220	224	65	18	68	64	3	2
harness_first	6060	6060	16	18	174	166	67	26	66	61	2	2
harness_first	6060	6060	17	26	194	192	73	28	63	61	2	3
harness_first	6060	6060	18	28	219	210	84	37	63	62	3	2
harness_first	6060	6060	19	37	201	205	74	33	65	63	2	2
harness_first	6060	6060	20	33	244	256	67	21	68	64	2	3
development_first	6060	6060	1	8	56	36	32	28	49	49	0	1
development_first	6060	6060	2	28	79	90	36	17	52	52	1	2
development_first	6060	6060	3	17	120	108	55	29	55	54	2	1
development_first	6060	6060	4	29	98	104	47	23	56	56	1	2
development_first	6060	6060	5	23	126	113	61	36	58	58	2	1
development_first	6060	6060	6	36	111	128	41	19	60	60	1	2
development_first	6060	6060	7	19	163	156	57	26	59	58	2	3
development_first	6060	6060	8	26	223	232	63	17	61	61	3	2
development_first	6060	6060	9	17	124	112	71	29	62	62	2	2
development_first	6060	6060	10	29	183	188	69	24	64	64	2	3
development_first	6060	6060	11	24	221	216	78	29	69	68	3	2
development_first	6060	6060	12	29	247	248	72	28	70	69	2	3
development_first	6060	6060	13	28	233	227	80	34	71	71	3	2
development_first	6060	6060	14	34	265	277	65	22	71	71	2	3
development_first	6060	6060	15	22	263	253	81	32	71	68	3	3
development_first	6060	6060	16	32	277	279	79	30	71	67	3	3
development_first	6060	6060	17	30	235	233	84	32	69	67	3	3
development_first	6060	6060	18	32	283	280	83	35	69	66	3	2
development_first	6060	6060	19	35	197	203	73	29	69	65	2	3
development_first	6060	6060	20	29	266	274	70	21	67	61	3	2
no_harness	6060	13979	1	8	52	34	27	26	51	51	0	1
no_harness	6060	13979	2	26	71	52	51	45	53	53	1	1
no_harness	6060	13979	3	45	80	93	40	32	55	55	1	1
no_harness	6060	13979	4	32	107	101	48	38	57	56	1	2
no_harness	6060	13979	5	38	136	132	64	42	60	60	2	2
no_harness	6060	13979	6	42	143	146	58	39	66	66	2	2
no_harness	6060	13979	7	39	171	168	60	42	71	70	2	2
no_harness	6060	13979	8	42	166	159	66	49	74	74	2	2
no_harness	6060	13979	9	49	255	262	67	42	78	78	2	3
no_harness	6060	13979	10	42	277	259	95	60	83	82	3	3
no_harness	6060	13979	11	60	303	304	92	59	86	86	3	3
no_harness	6060	13979	12	59	459	363	183	155	90	89	3	3
no_harness	6060	13979	13	155	427	487	123	95	93	92	3	3
no_harness	6060	13979	14	95	534	494	164	135	94	93	3	3
no_harness	6060	13979	15	135	435	445	154	125	94	87	3	3
no_harness	6060	13979	16	125	359	427	86	57	93	91	3	3
no_harness	6060	13979	17	57	339	335	90	61	93	93	3	3
no_harness	6060	13979	18	61	442	441	92	62	95	93	3	3
no_harness	6060	13979	19	62	530	398	225	194	95	94	3	3
no_harness	6060	13979	20	194	519	486	258	227	95	94	3	3
harness_first	6060	13979	1	8	53	35	30	26	51	51	0	1
harness_first	6060	13979	2	26	70	76	35	20	53	53	1	1
harness_first	6060	13979	3	20	76	66	46	30	54	54	1	1
harness_first	6060	13979	4	30	103	101	52	32	54	54	1	2
harness_first	6060	13979	5	32	129	131	59	30	56	56	2	2
harness_first	6060	13979	6	30	162	159	65	33	58	58	2	2
harness_first	6060	13979	7	33	174	167	66	40	60	58	2	2
harness_first	6060	13979	8	40	167	169	66	38	61	61	2	2
harness_first	6060	13979	9	38	209	208	71	39	63	63	2	3
harness_first	6060	13979	10	39	213	232	74	20	67	67	3	3
harness_first	6060	13979	11	20	225	221	78	24	70	69	3	3
harness_first	6060	13979	12	24	268	261	77	31	71	70	3	2
harness_first	6060	13979	13	31	221	234	64	18	72	71	2	3
harness_first	6060	13979	14	18	289	264	92	43	73	68	3	3
harness_first	6060	13979	15	43	328	335	91	36	69	65	3	3
harness_first	6060	13979	16	36	338	337	87	37	69	68	3	2
harness_first	6060	13979	17	37	229	228	88	38	71	67	2	3
harness_first	6060	13979	18	38	293	291	91	40	71	63	3	2
harness_first	6060	13979	19	40	230	233	84	37	68	67	2	2
harness_first	6060	13979	20	37	302	305	84	34	70	69	2	3
development_first	6060	13979	1	8	53	35	30	26	51	51	0	1
development_first	6060	13979	2	26	70	76	35	20	53	53	1	1
development_first	6060	13979	3	20	76	66	46	30	54	54	1	1
development_first	6060	13979	4	30	103	104	49	29	55	54	1	2
development_first	6060	13979	5	29	129	130	57	28	56	57	2	2
development_first	6060	13979	6	28	162	168	54	22	59	58	2	2
development_first	6060	13979	7	22	171	157	65	36	60	58	2	2
development_first	6060	13979	8	36	171	183	51	24	61	61	2	2
development_first	6060	13979	9	24	163	146	66	41	64	63	2	2
development_first	6060	13979	10	41	185	182	72	44	63	62	2	2
development_first	6060	13979	11	44	226	230	71	40	66	66	2	2
development_first	6060	13979	12	40	172	169	72	43	71	70	2	2
development_first	6060	13979	13	43	227	217	81	53	72	71	2	2
development_first	6060	13979	14	53	309	329	70	33	75	67	2	3
development_first	6060	13979	15	33	292	288	95	37	69	65	3	3
development_first	6060	13979	16	37	295	288	95	44	68	67	3	2
development_first	6060	13979	17	44	263	269	86	38	70	67	2	3
development_first	6060	13979	18	38	341	353	85	26	71	67	3	3
development_first	6060	13979	19	26	340	324	94	42	71	64	3	2
development_first	6060	13979	20	42	210	219	84	33	64	64	2	3
no_harness	6060	21898	1	8	59	33	36	34	50	50	0	1
no_harness	6060	21898	2	34	100	84	59	50	53	53	1	1
no_harness	6060	21898	3	50	78	84	55	44	56	56	1	1
no_harness	6060	21898	4	44	116	113	58	47	60	61	1	2
no_harness	6060	21898	5	47	135	142	61	40	66	66	2	2
no_harness	6060	21898	6	40	194	185	71	49	70	70	2	3
no_harness	6060	21898	7	49	273	268	84	54	73	73	3	3
no_harness	6060	21898	8	54	286	291	79	49	77	77	3	3
no_harness	6060	21898	9	49	292	282	89	59	83	83	3	3
no_harness	6060	21898	10	59	383	324	150	118	88	88	3	3
no_harness	6060	21898	11	118	484	439	195	163	94	93	3	3
no_harness	6060	21898	12	163	430	481	143	112	94	93	3	3
no_harness	6060	21898	13	112	518	474	187	156	94	93	3	3
no_harness	6060	21898	14	156	543	518	213	181	95	95	3	3
no_harness	6060	21898	15	181	520	510	224	191	95	95	3	3
no_harness	6060	21898	16	191	482	486	215	187	95	94	3	3
no_harness	6060	21898	17	187	367	475	112	79	95	95	3	3
no_harness	6060	21898	18	79	471	373	210	177	96	96	3	3
no_harness	6060	21898	19	177	459	480	188	156	96	96	3	3
no_harness	6060	21898	20	156	445	426	208	175	96	96	3	3
harness_first	6060	21898	1	8	59	41	32	26	50	50	0	1
harness_first	6060	21898	2	26	96	93	48	29	53	52	1	2
harness_first	6060	21898	3	29	120	122	54	27	53	53	2	1
harness_first	6060	21898	4	27	114	106	56	35	55	54	1	1
harness_first	6060	21898	5	35	125	126	57	34	58	58	1	2
harness_first	6060	21898	6	34	139	148	51	25	62	63	2	1
harness_first	6060	21898	7	25	130	120	58	35	63	63	1	2
harness_first	6060	21898	8	35	184	182	71	37	66	68	2	3
harness_first	6060	21898	9	37	218	232	74	23	68	68	3	3
harness_first	6060	21898	10	23	223	219	82	27	67	67	3	3
harness_first	6060	21898	11	27	248	247	82	28	72	71	3	3
harness_first	6060	21898	12	28	276	277	80	27	73	72	3	3
harness_first	6060	21898	13	27	254	254	82	27	74	73	3	3
harness_first	6060	21898	14	27	240	246	76	21	76	69	3	3
harness_first	6060	21898	15	21	272	267	77	26	71	64	3	3
harness_first	6060	21898	16	26	260	261	79	25	67	63	3	3
harness_first	6060	21898	17	25	233	239	75	19	62	58	3	3
harness_first	6060	21898	18	19	206	194	79	31	62	57	3	2
harness_first	6060	21898	19	31	155	152	74	34	60	60	2	2
harness_first	6060	21898	20	34	208	217	67	25	62	62	2	1
development_first	6060	21898	1	8	59	41	32	26	50	50	0	1
development_first	6060	21898	2	26	96	93	48	29	53	52	1	2
development_first	6060	21898	3	29	120	126	50	23	54	54	2	1
development_first	6060	21898	4	23	114	116	42	21	55	55	1	1
development_first	6060	21898	5	21	125	124	45	22	58	58	1	2
development_first	6060	21898	6	22	139	126	61	35	60	60	2	1
development_first	6060	21898	7	35	130	133	55	32	58	58	1	2
development_first	6060	21898	8	32	166	167	62	31	59	62	2	2
development_first	6060	21898	9	31	142	145	59	28	63	63	2	2
development_first	6060	21898	10	28	118	104	74	42	65	65	2	2
development_first	6060	21898	11	42	218	214	73	46	67	66	2	2
development_first	6060	21898	12	46	216	221	72	41	73	72	2	3
development_first	6060	21898	13	41	227	238	82	30	74	73	3	3
development_first	6060	21898	14	30	298	298	74	30	80	69	3	3
development_first	6060	21898	15	30	282	293	75	19	73	67	3	3
development_first	6060	21898	16	19	269	254	82	34	69	69	3	2
development_first	6060	21898	17	34	214	215	71	33	71	67	2	2
development_first	6060	21898	18	33	198	206	70	25	69	65	2	3
development_first	6060	21898	19	25	271	276	77	20	68	68	3	3
development_first	6060	21898	20	20	279	275	74	24	71	65	3	3
no_harness	6060	29817	1	8	49	22	35	35	49	49	0	1
no_harness	6060	29817	2	35	75	69	50	41	50	50	1	1
no_harness	6060	29817	3	41	110	115	49	36	52	52	1	2
no_harness	6060	29817	4	36	159	159	57	36	55	54	2	2
no_harness	6060	29817	5	36	129	124	64	41	58	57	2	2
no_harness	6060	29817	6	41	145	155	51	31	60	60	2	1
no_harness	6060	29817	7	31	127	108	65	50	63	63	1	2
no_harness	6060	29817	8	50	183	185	70	48	66	66	2	2
no_harness	6060	29817	9	48	218	222	63	44	70	69	2	2
no_harness	6060	29817	10	44	227	229	64	42	73	73	2	3
no_harness	6060	29817	11	42	250	240	83	52	78	77	3	3
no_harness	6060	29817	12	52	255	256	81	51	83	82	3	3
no_harness	6060	29817	13	51	309	301	90	59	85	84	3	3
no_harness	6060	29817	14	59	374	370	95	63	89	88	3	3
no_harness	6060	29817	15	63	472	382	186	153	90	89	3	3
no_harness	6060	29817	16	153	524	513	192	164	91	87	3	3
no_harness	6060	29817	17	164	376	474	95	66	91	84	3	3
no_harness	6060	29817	18	66	502	410	187	158	91	85	3	3
no_harness	6060	29817	19	158	505	497	196	166	92	86	3	3
no_harness	6060	29817	20	166	418	526	89	58	92	90	3	3
harness_first	6060	29817	1	8	49	30	31	27	49	49	0	1
harness_first	6060	29817	2	27	76	79	38	24	50	50	1	2
harness_first	6060	29817	3	24	116	123	47	17	54	54	2	2
harness_first	6060	29817	4	17	118	117	50	18	57	56	2	2
harness_first	6060	29817	5	18	87	83	49	22	57	55	2	1
harness_first	6060	29817	6	22	89	80	55	31	55	55	1	2
harness_first	6060	29817	7	31	171	167	66	35	57	57	2	3
harness_first	6060	29817	8	35	180	188	72	27	59	58	3	2
harness_first	6060	29817	9	27	148	154	64	21	62	59	2	2
harness_first	6060	29817	10	21	161	156	64	26	57	56	2	2
harness_first	6060	29817	11	26	167	183	48	10	62	61	2	2
harness_first	6060	29817	12	10	149	126	76	33	63	62	2	3
harness_first	6060	29817	13	33	220	221	79	32	63	59	3	2
harness_first	6060	29817	14	32	193	203	66	22	61	55	2	2
harness_first	6060	29817	15	22	166	159	69	29	56	51	2	1
harness_first	6060	29817	16	29	128	127	65	30	55	52	1	1
harness_first	6060	29817	17	30	149	152	63	27	55	53	1	2
harness_first	6060	29817	18	27	170	176	62	21	54	54	2	1
harness_first	6060	29817	19	21	130	124	62	27	57	52	1	1
harness_first	6060	29817	20	27	135	143	59	19	54	54	1	2
development_first	6060	29817	1	8	49	30	31	27	49	49	0	1
development_first	6060	29817	2	27	76	79	38	24	50	50	1	2
development_first	6060	29817	3	24	116	123	47	17	54	54	2	2
development_first	6060	29817	4	17	118	117	50	18	57	56	2	2
development_first	6060	29817	5	18	87	83	49	22	57	55	2	1
development_first	6060	29817	6	22	89	83	52	28	55	55	1	2
development_first	6060	29817	7	28	171	164	66	35	58	57	2	3
development_first	6060	29817	8	35	180	187	73	28	59	59	3	2
development_first	6060	29817	9	28	148	158	61	18	63	60	2	2
development_first	6060	29817	10	18	191	199	53	10	58	57	2	3
development_first	6060	29817	11	10	216	190	83	36	63	63	3	2
development_first	6060	29817	12	36	159	157	78	38	65	64	2	2
development_first	6060	29817	13	38	169	178	73	29	66	62	2	2
development_first	6060	29817	14	29	179	186	65	22	63	57	2	2
development_first	6060	29817	15	22	218	213	68	27	59	54	2	2
development_first	6060	29817	16	27	177	178	72	26	58	55	2	2
development_first	6060	29817	17	26	199	198	67	27	58	56	2	2
development_first	6060	29817	18	27	180	176	72	31	57	56	2	2
development_first	6060	29817	19	31	192	189	73	34	61	55	2	2
development_first	6060	29817	20	34	153	169	64	18	60	60	2	2
no_harness	6060	37736	1	8	42	19	33	31	51	51	0	1
no_harness	6060	37736	2	31	75	72	44	34	53	53	1	1
no_harness	6060	37736	3	34	109	104	50	39	55	55	1	2
no_harness	6060	37736	4	39	139	131	64	47	59	59	2	1
no_harness	6060	37736	5	47	104	111	54	40	61	61	1	2
no_harness	6060	37736	6	40	162	157	64	45	64	64	2	2
no_harness	6060	37736	7	45	215	214	68	46	67	67	2	3
no_harness	6060	37736	8	46	273	264	84	55	70	69	3	2
no_harness	6060	37736	9	55	199	214	65	40	76	77	2	3
no_harness	6060	37736	10	40	271	243	94	68	83	82	3	3
no_harness	6060	37736	11	68	304	323	75	49	86	86	3	3
no_harness	6060	37736	12	49	360	284	156	125	86	86	3	3
no_harness	6060	37736	13	125	496	459	194	162	89	88	3	3
no_harness	6060	37736	14	162	455	503	146	114	91	90	3	3
no_harness	6060	37736	15	114	469	422	193	161	92	91	3	3
no_harness	6060	37736	16	161	461	529	125	93	93	93	3	3
no_harness	6060	37736	17	93	454	420	159	127	94	93	3	3
no_harness	6060	37736	18	127	392	465	86	54	94	94	3	3
no_harness	6060	37736	19	54	371	338	119	87	95	94	3	3
no_harness	6060	37736	20	87	489	415	194	161	95	94	3	3
harness_first	6060	37736	1	8	42	27	29	23	51	51	0	1
harness_first	6060	37736	2	23	76	80	37	19	53	53	1	1
harness_first	6060	37736	3	19	106	104	41	21	54	54	1	2
harness_first	6060	37736	4	21	136	135	48	22	56	56	2	1
harness_first	6060	37736	5	22	114	105	54	31	55	55	1	2
harness_first	6060	37736	6	31	149	146	62	34	56	55	2	2
harness_first	6060	37736	7	34	168	160	74	42	57	57	2	2
harness_first	6060	37736	8	42	149	154	70	37	60	62	2	2
harness_first	6060	37736	9	37	168	174	64	31	64	63	2	2
harness_first	6060	37736	10	31	165	159	70	37	66	65	2	3
harness_first	6060	37736	11	37	225	232	77	30	69	68	3	2
harness_first	6060	37736	12	30	205	200	79	35	71	67	2	3
harness_first	6060	37736	13	35	271	297	65	9	69	67	3	3
harness_first	6060	37736	14	9	254	243	77	20	68	67	3	3
harness_first	6060	37736	15	20	234	234	75	20	67	59	3	3
harness_first	6060	37736	16	20	239	224	84	35	64	58	3	2
harness_first	6060	37736	17	35	176	180	72	31	60	60	2	2
harness_first	6060	37736	18	31	200	201	68	30	65	65	2	2
harness_first	6060	37736	19	30	203	198	74	35	68	68	2	2
harness_first	6060	37736	20	35	206	214	69	27	72	70	2	3
development_first	6060	37736	1	8	42	27	29	23	51	51	0	1
development_first	6060	37736	2	23	76	80	37	19	53	53	1	1
development_first	6060	37736	3	19	106	104	41	21	54	54	1	2
development_first	6060	37736	4	21	136	127	56	30	56	56	2	1
development_first	6060	37736	5	30	114	124	43	20	57	57	1	2
development_first	6060	37736	6	20	159	160	47	19	59	59	2	2
development_first	6060	37736	7	19	166	149	68	36	60	60	2	2
development_first	6060	37736	8	36	194	185	71	45	64	63	2	2
development_first	6060	37736	9	45	245	242	74	48	70	71	2	2
development_first	6060	37736	10	48	232	234	82	46	75	75	2	3
development_first	6060	37736	11	46	333	341	92	38	80	79	3	3
development_first	6060	37736	12	38	305	296	95	47	80	76	3	3
development_first	6060	37736	13	47	335	315	115	67	82	82	3	3
development_first	6060	37736	14	67	393	430	78	30	84	83	3	3
development_first	6060	37736	15	30	379	325	132	84	86	74	3	3
development_first	6060	37736	16	84	293	345	86	32	80	74	3	3
development_first	6060	37736	17	32	363	342	104	53	79	79	3	3
development_first	6060	37736	18	53	430	353	179	130	84	77	3	3
development_first	6060	37736	19	130	365	418	126	77	81	81	3	3
development_first	6060	37736	20	77	471	403	194	145	87	87	3	3
no_harness	8123	8123	1	8	58	34	34	32	51	51	0	1
no_harness	8123	8123	2	32	88	76	55	44	52	52	1	1
no_harness	8123	8123	3	44	100	98	57	46	55	55	1	2
no_harness	8123	8123	4	46	161	166	63	41	59	59	2	2
no_harness	8123	8123	5	41	148	150	59	39	62	62	2	2
no_harness	8123	8123	6	39	164	160	67	43	65	65	2	3
no_harness	8123	8123	7	43	232	238	74	37	70	70	3	3
no_harness	8123	8123	8	37	260	256	80	41	75	74	3	3
no_harness	8123	8123	9	41	295	275	92	61	78	78	3	3
no_harness	8123	8123	10	61	279	288	87	52	82	82	3	3
no_harness	8123	8123	11	52	386	316	153	122	86	86	3	3
no_harness	8123	8123	12	122	425	444	134	103	89	88	3	3
no_harness	8123	8123	13	103	489	460	163	132	93	92	3	3
no_harness	8123	8123	14	132	430	486	108	76	94	93	3	3
no_harness	8123	8123	15	76	468	389	188	155	95	94	3	3
no_harness	8123	8123	16	155	526	487	222	194	95	94	3	3
no_harness	8123	8123	17	194	557	584	195	167	95	95	3	3
no_harness	8123	8123	18	167	498	402	292	263	95	95	3	3
no_harness	8123	8123	19	263	501	579	214	185	95	95	3	3
no_harness	8123	8123	20	185	471	500	185	156	94	94	3	3
harness_first	8123	8123	1	8	58	40	31	26	51	51	0	1
harness_first	8123	8123	2	26	75	79	40	22	52	52	1	1
harness_first	8123	8123	3	22	93	97	37	18	54	53	1	2
harness_first	8123	8123	4	18	139	133	51	24	56	55	2	1
harness_first	8123	8123	5	24	101	92	57	33	57	56	1	2
harness_first	8123	8123	6	33	132	136	59	29	58	58	2	2
harness_first	8123	8123	7	29	149	161	47	17	61	59	2	2
harness_first	8123	8123	8	17	169	149	65	37	61	61	2	2
harness_first	8123	8123	9	37	173	185	53	25	59	59	2	2
harness_first	8123	8123	10	25	147	138	62	34	62	62	2	2
harness_first	8123	8123	11	34	144	138	66	40	68	67	2	2
harness_first	8123	8123	12	40	184	188	62	36	70	69	2	2
harness_first	8123	8123	13	36	196	190	73	42	72	71	2	3
harness_first	8123	8123	14	42	287	301	80	28	74	74	3	3
harness_first	8123	8123	15	28	285	278	83	35	76	74	3	3
harness_first	8123	8123	16	35	289	292	77	32	77	75	3	3
harness_first	8123	8123	17	32	233	243	69	22	77	74	3	2
harness_first	8123	8123	18	22	223	217	72	28	76	72	2	3
harness_first	8123	8123	19	28	247	250	77	25	74	68	3	3
harness_first	8123	8123	20	25	228	227	78	26	70	64	3	3
development_first	8123	8123	1	8	58	40	31	26	51	51	0	1
development_first	8123	8123	2	26	75	79	40	22	52	52	1	1
development_first	8123	8123	3	22	93	97	37	18	54	53	1	2
development_first	8123	8123	4	18	139	133	51	24	56	55	2	1
development_first	8123	8123	5	24	101	99	50	26	57	56	1	2
development_first	8123	8123	6	26	132	125	63	33	58	57	2	2
development_first	8123	8123	7	33	149	151	61	31	59	57	2	2
development_first	8123	8123	8	31	169	171	57	29	59	59	2	2
development_first	8123	8123	9	29	167	167	59	29	56	56	2	2
development_first	8123	8123	10	29	144	140	63	33	59	59	2	2
development_first	8123	8123	11	33	148	143	66	38	64	64	2	2
development_first	8123	8123	12	38	161	163	63	36	67	66	2	2
development_first	8123	8123	13	36	170	162	71	44	70	64	2	2
development_first	8123	8123	14	44	174	177	71	41	68	66	2	2
development_first	8123	8123	15	41	209	214	69	36	69	68	2	3
development_first	8123	8123	16	36	250	276	65	10	71	70	3	3
development_first	8123	8123	17	10	287	274	78	23	74	73	3	3
development_first	8123	8123	18	23	253	250	78	26	76	74	3	3
development_first	8123	8123	19	26	305	286	95	45	77	69	3	3
development_first	8123	8123	20	45	254	269	89	30	74	71	3	3
no_harness	8123	16042	1	8	50	19	40	39	50	50	0	1
no_harness	8123	16042	2	39	65	73	39	31	53	53	1	1
no_harness	8123	16042	3	31	111	100	52	42	55	55	1	1
no_harness	8123	16042	4	42	88	92	51	38	57	57	1	1
no_harness	8123	16042	5	38	128	118	63	48	60	60	1	2
no_harness	8123	16042	6	48	192	187	73	53	63	63	2	2
no_harness	8123	16042	7	53	188	191	72	50	68	67	2	2
no_harness	8123	16042	8	50	249	253	69	46	74	74	2	3
no_harness	8123	16042	9	46	243	236	81	53	79	79	3	3
no_harness	8123	16042	10	53	344	308	119	89	85	84	3	3
no_harness	8123	16042	11	89	400	400	119	89	91	90	3	3
no_harness	8123	16042	12	89	549	475	194	163	94	93	3	3
no_harness	8123	16042	13	163	540	540	194	163	94	93	3	3
no_harness	8123	16042	14	163	460	510	145	113	94	92	3	3
no_harness	8123	16042	15	113	462	417	189	158	94	93	3	3
no_harness	8123	16042	16	158	454	429	213	183	94	93	3	3
no_harness	8123	16042	17	183	540	531	223	192	94	93	3	3
no_harness	8123	16042	18	192	430	461	192	161	94	94	3	3
no_harness	8123	16042	19	161	462	458	196	165	95	94	3	3
no_harness	8123	16042	20	165	544	549	192	160	95	94	3	3
harness_first	8123	16042	1	8	50	33	30	25	50	50	0	1
harness_first	8123	16042	2	25	65	68	34	22	52	52	1	1
harness_first	8123	16042	3	22	115	109	50	28	54	54	1	2
harness_first	8123	16042	4	28	144	134	65	38	55	55	2	1
harness_first	8123	16042	5	38	127	140	52	25	57	57	1	2
harness_first	8123	16042	6	25	186	178	67	33	59	59	2	3
harness_first	8123	16042	7	33	207	203	84	37	60	65	3	2
harness_first	8123	16042	8	37	171	187	66	21	66	65	2	3
harness_first	8123	16042	9	21	243	243	76	21	70	70	3	3
harness_first	8123	16042	10	21	226	223	79	24	74	74	3	3
harness_first	8123	16042	11	24	343	328	90	39	76	74	3	3
harness_first	8123	16042	12	39	345	337	96	47	77	71	3	3
harness_first	8123	16042	13	47	297	306	90	38	71	71	3	3
harness_first	8123	16042	14	38	354	367	83	25	67	67	3	3
harness_first	8123	16042	15	25	345	332	90	38	71	67	3	3
harness_first	8123	16042	16	38	349	364	83	23	73	69	3	3
harness_first	8123	16042	17	23	274	262	94	35	72	72	3	3
harness_first	8123	16042	18	35	321	320	91	36	75	75	3	3
harness_first	8123	16042	19	36	344	343	92	37	78	77	3	3
harness_first	8123	16042	20	37	410	349	151	98	81	81	3	3
development_first	8123	16042	1	8	50	33	30	25	50	50	0	1
development_first	8123	16042	2	25	65	68	34	22	52	52	1	1
development_first	8123	16042	3	22	115	109	50	28	54	54	1	2
development_first	8123	16042	4	28	144	149	50	23	55	55	2	1
development_first	8123	16042	5	23	127	120	57	30	57	57	1	2
development_first	8123	16042	6	30	179	177	60	32	59	55	2	2
development_first	8123	16042	7	32	156	159	57	29	58	59	2	1
development_first	8123	16042	8	29	153	147	60	35	60	59	1	2
development_first	8123	16042	9	35	171	167	71	39	60	60	2	2
development_first	8123	16042	10	39	211	209	72	41	64	64	2	2
development_first	8123	16042	11	41	193	200	66	34	68	67	2	3
development_first	8123	16042	12	34	239	243	81	30	70	66	3	3
development_first	8123	16042	13	30	222	229	78	23	66	66	3	3
development_first	8123	16042	14	23	295	304	70	14	67	66	3	3
development_first	8123	16042	15	14	245	235	79	24	67	66	3	3
development_first	8123	16042	16	24	278	271	83	31	72	67	3	3
development_first	8123	16042	17	31	242	254	69	19	69	68	3	3
development_first	8123	16042	18	19	230	227	78	22	70	68	3	3
development_first	8123	16042	19	22	228	224	82	26	68	70	3	3
development_first	8123	16042	20	26	297	288	83	35	70	65	3	3
no_harness	8123	23961	1	8	35	13	32	30	51	50	0	0
no_harness	8123	23961	2	30	54	45	40	39	50	50	0	1
no_harness	8123	23961	3	39	86	83	48	42	51	51	1	1
no_harness	8123	23961	4	42	98	104	49	36	55	55	1	2
no_harness	8123	23961	5	36	137	131	61	42	59	58	2	1
no_harness	8123	23961	6	42	91	89	59	44	60	60	1	1
no_harness	8123	23961	7	44	120	126	51	38	63	62	1	1
no_harness	8123	23961	8	38	152	139	67	51	63	63	1	2
no_harness	8123	23961	9	51	188	191	74	48	66	66	2	2
no_harness	8123	23961	10	48	257	239	86	66	72	71	2	2
no_harness	8123	23961	11	66	286	299	80	53	74	73	2	3
no_harness	8123	23961	12	53	403	383	104	73	79	78	3	3
no_harness	8123	23961	13	73	362	380	87	55	85	84	3	3
no_harness	8123	23961	14	55	467	399	155	123	89	90	3	3
no_harness	8123	23961	15	123	529	493	191	159	93	93	3	3
no_harness	8123	23961	16	159	417	482	122	94	92	91	3	3
no_harness	8123	23961	17	94	532	508	147	118	94	93	3	3
no_harness	8123	23961	18	118	425	418	154	125	94	92	3	3
no_harness	8123	23961	19	125	453	418	189	160	94	93	3	3
no_harness	8123	23961	20	160	531	484	237	207	95	93	3	3
harness_first	8123	23961	1	8	35	21	28	22	51	50	0	0
harness_first	8123	23961	2	22	54	47	34	29	50	50	0	1
harness_first	8123	23961	3	29	75	81	37	23	49	49	1	1
harness_first	8123	23961	4	23	81	90	36	14	53	53	1	2
harness_first	8123	23961	5	14	133	117	59	30	56	55	2	2
harness_first	8123	23961	6	30	126	138	51	18	57	56	2	2
harness_first	8123	23961	7	18	130	110	66	38	56	53	2	2
harness_first	8123	23961	8	38	122	129	58	31	56	56	2	1
harness_first	8123	23961	9	31	121	117	58	35	59	59	1	2
harness_first	8123	23961	10	35	153	147	70	41	61	60	2	2
harness_first	8123	23961	11	41	160	164	67	37	60	60	2	2
harness_first	8123	23961	12	37	155	151	73	41	61	60	2	2
harness_first	8123	23961	13	41	203	205	73	39	62	63	2	3
harness_first	8123	23961	14	39	266	272	83	33	66	64	3	3
harness_first	8123	23961	15	33	247	259	76	21	66	62	3	3
harness_first	8123	23961	16	21	266	255	79	32	65	64	3	2
harness_first	8123	23961	17	32	190	188	72	34	67	67	2	2
harness_first	8123	23961	18	34	232	235	78	31	71	70	2	3
harness_first	8123	23961	19	31	330	334	81	27	75	74	3	3
harness_first	8123	23961	20	27	295	273	100	49	78	78	3	3
development_first	8123	23961	1	8	35	21	28	22	51	50	0	0
development_first	8123	23961	2	22	54	47	34	29	50	50	0	1
development_first	8123	23961	3	29	75	81	37	23	49	49	1	1
development_first	8123	23961	4	23	81	90	36	14	53	53	1	2
development_first	8123	23961	5	14	133	122	54	25	56	56	2	2
development_first	8123	23961	6	25	126	136	48	15	57	56	2	2
development_first	8123	23961	7	15	130	110	63	35	56	52	2	2
development_first	8123	23961	8	35	118	120	60	33	54	54	2	1
development_first	8123	23961	9	33	119	118	57	34	59	58	1	2
development_first	8123	23961	10	34	146	138	74	42	59	58	2	2
development_first	8123	23961	11	42	158	161	68	39	61	57	2	1
development_first	8123	23961	12	39	113	115	62	37	61	60	1	2
development_first	8123	23961	13	37	184	178	73	43	63	60	2	2
development_first	8123	23961	14	43	179	182	73	40	64	64	2	2
development_first	8123	23961	15	40	234	226	74	48	64	62	2	2
development_first	8123	23961	16	48	249	262	68	35	62	61	2	3
development_first	8123	23961	17	35	207	201	81	41	64	61	3	2
development_first	8123	23961	18	41	186	188	68	39	65	65	2	2
development_first	8123	23961	19	39	173	178	71	34	67	67	2	3
development_first	8123	23961	20	34	272	282	78	24	66	67	3	3
no_harness	8123	31880	1	8	57	36	31	29	49	49	0	1
no_harness	8123	31880	2	29	88	77	53	40	50	50	1	1
no_harness	8123	31880	3	40	81	80	52	41	54	53	1	1
no_harness	8123	31880	4	41	135	141	45	35	54	54	1	1
no_harness	8123	31880	5	35	98	84	62	49	57	56	1	1
no_harness	8123	31880	6	49	148	148	58	49	62	62	1	1
no_harness	8123	31880	7	49	147	144	64	52	65	65	1	2
no_harness	8123	31880	8	52	211	207	74	56	69	69	2	2
no_harness	8123	31880	9	56	266	272	72	50	71	71	2	3
no_harness	8123	31880	10	50	302	289	91	63	75	75	3	3
no_harness	8123	31880	11	63	337	350	78	50	82	81	3	3
no_harness	8123	31880	12	50	323	311	91	62	87	87	3	3
no_harness	8123	31880	13	62	393	389	96	66	91	90	3	3
no_harness	8123	31880	14	66	459	401	154	124	94	93	3	3
no_harness	8123	31880	15	124	544	574	124	94	94	89	3	3
no_harness	8123	31880	16	94	465	395	193	164	94	94	3	3
no_harness	8123	31880	17	164	485	521	158	128	94	92	3	3
no_harness	8123	31880	18	128	486	450	194	164	95	94	3	3
no_harness	8123	31880	19	164	541	502	234	203	95	95	3	3
no_harness	8123	31880	20	203	514	561	188	156	95	95	3	3
harness_first	8123	31880	1	8	57	40	29	25	49	49	0	1
harness_first	8123	31880	2	25	88	94	41	19	51	51	1	1
harness_first	8123	31880	3	19	81	78	42	22	53	53	1	1
harness_first	8123	31880	4	22	135	128	48	29	52	52	1	1
harness_first	8123	31880	5	29	98	103	46	24	54	54	1	1
harness_first	8123	31880	6	24	126	112	61	38	57	57	1	2
harness_first	8123	31880	7	38	170	176	59	32	59	59	2	1
harness_first	8123	31880	8	32	163	158	62	37	61	61	1	2
harness_first	8123	31880	9	37	214	212	72	39	59	59	2	2
harness_first	8123	31880	10	39	192	191	71	40	67	66	2	3
harness_first	8123	31880	11	40	274	281	81	33	69	68	3	2
harness_first	8123	31880	12	33	212	211	72	34	70	70	2	2
harness_first	8123	31880	13	34	242	264	56	12	71	70	2	3
harness_first	8123	31880	14	12	303	285	81	30	75	74	3	3
harness_first	8123	31880	15	30	285	288	74	27	76	70	3	3
harness_first	8123	31880	16	27	245	248	76	24	72	71	3	3
harness_first	8123	31880	17	24	260	248	83	36	73	72	3	3
harness_first	8123	31880	18	36	234	237	83	33	74	72	3	3
harness_first	8123	31880	19	33	259	266	73	26	74	73	3	3
harness_first	8123	31880	20	26	274	265	79	35	75	74	3	3
development_first	8123	31880	1	8	57	40	29	25	49	49	0	1
development_first	8123	31880	2	25	88	94	41	19	51	51	1	1
development_first	8123	31880	3	19	81	78	42	22	53	53	1	1
development_first	8123	31880	4	22	135	131	45	26	53	53	1	1
development_first	8123	31880	5	26	98	98	48	26	54	54	1	1
development_first	8123	31880	6	26	126	123	52	29	57	57	1	2
development_first	8123	31880	7	29	175	164	71	40	60	59	2	2
development_first	8123	31880	8	40	175	173	73	42	62	62	2	2
development_first	8123	31880	9	42	182	182	71	42	61	61	2	2
development_first	8123	31880	10	42	198	201	72	39	70	69	2	3
development_first	8123	31880	11	39	262	277	78	24	72	72	3	3
development_first	8123	31880	12	24	252	255	75	21	74	74	3	3
development_first	8123	31880	13	21	257	248	78	30	76	75	3	3
development_first	8123	31880	14	30	298	303	74	25	76	74	3	3
development_first	8123	31880	15	25	225	220	80	30	76	66	3	3
development_first	8123	31880	16	30	284	280	83	34	68	68	3	3
development_first	8123	31880	17	34	254	260	79	28	70	69	3	3
development_first	8123	31880	18	28	215	206	84	37	72	69	3	2
development_first	8123	31880	19	37	217	222	69	32	71	70	2	2
development_first	8123	31880	20	32	214	214	70	32	72	69	2	2
no_harness	8123	39799	1	8	56	25	40	39	51	50	0	1
no_harness	8123	39799	2	39	88	84	52	43	53	52	1	2
no_harness	8123	39799	3	43	126	128	60	41	56	56	2	2
no_harness	8123	39799	4	41	133	126	66	48	59	59	2	2
no_harness	8123	39799	5	48	180	178	64	50	62	62	2	2
no_harness	8123	39799	6	50	196	198	70	48	68	68	2	3
no_harness	8123	39799	7	48	231	230	79	49	73	73	3	3
no_harness	8123	39799	8	49	288	283	81	54	79	79	3	3
no_harness	8123	39799	9	54	307	307	81	54	85	85	3	3
no_harness	8123	39799	10	54	364	293	152	125	90	90	3	3
no_harness	8123	39799	11	125	423	392	183	156	93	93	3	3
no_harness	8123	39799	12	156	386	447	125	95	94	93	3	3
no_harness	8123	39799	13	95	513	432	207	176	94	94	3	3
no_harness	8123	39799	14	176	477	492	192	161	95	94	3	3
no_harness	8123	39799	15	161	502	500	195	163	94	93	3	3
no_harness	8123	39799	16	163	391	465	121	89	95	94	3	3
no_harness	8123	39799	17	89	477	413	185	153	95	95	3	3
no_harness	8123	39799	18	153	447	444	188	156	95	94	3	3
no_harness	8123	39799	19	156	482	492	179	146	95	95	3	3
no_harness	8123	39799	20	146	514	497	191	163	95	95	3	3
harness_first	8123	39799	1	8	56	35	34	29	51	50	0	1
harness_first	8123	39799	2	29	88	97	38	20	53	52	1	2
harness_first	8123	39799	3	20	129	126	49	23	55	54	2	2
harness_first	8123	39799	4	23	123	123	49	23	55	55	2	2
harness_first	8123	39799	5	23	99	100	54	22	53	53	2	2
harness_first	8123	39799	6	22	141	127	64	36	57	57	2	2
harness_first	8123	39799	7	36	160	161	62	35	60	59	2	2
harness_first	8123	39799	8	35	127	124	73	38	60	60	2	2
harness_first	8123	39799	9	38	145	149	65	34	64	63	2	2
harness_first	8123	39799	10	34	229	226	72	37	67	66	2	3
harness_first	8123	39799	11	37	235	241	79	31	69	68	3	2
harness_first	8123	39799	12	31	250	243	82	38	71	66	2	3
harness_first	8123	39799	13	38	244	260	77	22	65	64	3	3
harness_first	8123	39799	14	22	273	270	78	25	70	62	3	3
harness_first	8123	39799	15	25	233	243	70	15	64	60	3	3
harness_first	8123	39799	16	15	211	194	79	32	64	64	3	2
harness_first	8123	39799	17	32	200	205	70	27	67	66	2	3
harness_first	8123	39799	18	27	259	262	79	24	68	68	3	3
harness_first	8123	39799	19	24	292	285	80	31	73	72	3	3
harness_first	8123	39799	20	31	284	281	81	34	73	73	3	3
development_first	8123	39799	1	8	56	35	34	29	51	50	0	1
development_first	8123	39799	2	29	88	97	38	20	53	52	1	2
development_first	8123	39799	3	20	129	131	44	18	55	54	2	2
development_first	8123	39799	4	18	123	109	58	32	55	55	2	2
development_first	8123	39799	5	32	107	121	50	18	54	53	2	2
development_first	8123	39799	6	18	123	107	61	34	58	58	2	2
development_first	8123	39799	7	34	166	161	67	39	62	62	2	2
development_first	8123	39799	8	39	121	114	74	46	62	62	2	1
development_first	8123	39799	9	46	147	152	66	41	64	64	1	2
development_first	8123	39799	10	41	226	226	71	41	69	69	2	2
development_first	8123	39799	11	41	256	258	73	39	73	72	2	3
development_first	8123	39799	12	39	269	281	75	27	76	71	3	3
development_first	8123	39799	13	27	270	263	82	34	70	69	3	3
development_first	8123	39799	14	34	251	263	74	22	75	69	3	3
development_first	8123	39799	15	22	270	267	71	25	68	60	3	2
development_first	8123	39799	16	25	176	175	66	26	61	61	2	2
development_first	8123	39799	17	26	190	197	59	19	65	63	2	2
development_first	8123	39799	18	19	189	189	65	19	65	65	2	3
development_first	8123	39799	19	19	258	250	75	27	67	64	3	2
development_first	8123	39799	20	27	185	186	68	26	66	66	2	2
