1.0.0	9001	title=10.7 t1=2.0 t2=3.7 t3=7.3 tier=3.00 power=81.7 cc=76.7 worlds=11.33 youth_title=10.0 youth_t3=8.3
now	9001	title=12.3 t1=2.0 t2=3.7 t3=7.7 tier=3.00 power=79.7 cc=70.9 worlds=8.00 youth_title=11.3 youth_t3=7.7
1.0.0	5150	title=10.0 t1=2.0 t2=5.0 t3=8.0 tier=3.00 power=83.0 cc=85.6 worlds=17.33 youth_title=9.7 youth_t3=8.0
now	5150	title=11.0 t1=2.0 t2=4.3 t3=8.0 tier=3.00 power=85.0 cc=84.7 worlds=15.33 youth_title=10.7 youth_t3=7.0
1.0.0	2718	title=11.0 t1=2.0 t2=3.3 t3=7.3 tier=3.00 power=83.0 cc=81.5 worlds=14.33 youth_title=11.7 youth_t3=7.3
now	2718	title=11.0 t1=2.0 t2=4.3 t3=6.7 tier=3.00 power=83.3 cc=85.2 worlds=16.33 youth_title=11.7 youth_t3=7.0
1.0.0	6060	title=11.0 t1=2.0 t2=3.3 t3=7.0 tier=3.00 power=83.7 cc=79.3 worlds=15.67 youth_title=10.0 youth_t3=7.0
now	6060	title=11.7 t1=2.0 t2=3.3 t3=8.3 tier=3.00 power=82.7 cc=84.4 worlds=16.00 youth_title=11.0 youth_t3=7.7
1.0.0	8123	title=11.0 t1=2.3 t2=4.3 t3=9.7 tier=3.00 power=83.7 cc=80.6 worlds=18.33 youth_title=11.3 youth_t3=9.0
now	8123	title=10.3 t1=2.3 t2=4.3 t3=9.0 tier=3.00 power=85.0 cc=81.4 worlds=16.67 youth_title=10.0 youth_t3=9.3
