base	seed	season	tier	season_pts	lv	lv_pts	unspent	cc_in	cc_out	bank	top_in	lv_season	banked	harness_cc	power	policy
9001	9001	1	0	0	0	0	0	43	22	29	Prize money=17,The gate=14,The club=5	0	0	0	48	auto
9001	9001	2	1	0	21	63	0	62	52	39	The gate=32,Prize money=15,The counter=6	0	0	0	50	auto
9001	9001	3	1	0	32	96	0	80	85	34	The gate=32,Prize money=20,Tournaments=14	0	0	0	54	auto
9001	9001	4	1	0	24	72	0	127	113	48	The gate=43,Prize money=23,Tournaments=22	0	0	0	54	auto
9001	9001	5	2	0	26	78	0	166	173	41	The gate=97,The counter=35,Prize money=17	0	0	0	55	auto
9001	9001	6	2	0	69	206	6	224	215	50	The gate=125,The counter=49,Prize money=26	0	27	0	61	auto
9001	9001	7	2	0	81	239	8	205	214	41	The gate=108,The counter=35,Prize money=34	0	39	0	66	auto
9001	9001	8	3	0	80	233	6	264	259	46	The gate=162,The counter=56,Prize money=31	0	36	0	70	auto
9001	9001	9	3	0	78	200	5	234	230	50	The gate=146,The counter=42,Prize money=36	0	33	0	73	auto
9001	9001	10	3	0	76	171	7	345	321	74	The gate=174,The counter=63,Tournaments=45	0	44	0	78	auto
9001	9001	11	3	0	71	135	7	249	276	47	The gate=154,The counter=42,Prize money=37	0	41	0	78	auto
9001	9001	12	3	0	84	158	9	323	313	57	The gate=172,The counter=63,Prize money=35	0	51	0	80	auto
9001	16920	1	0	0	0	0	0	58	32	34	Prize money=20,The gate=18,Tournaments=14	0	0	0	48	auto
9001	16920	2	1	0	21	63	0	84	91	27	The gate=37,Prize money=22,The counter=8	0	0	0	50	auto
9001	16920	3	2	0	30	90	0	130	113	44	The gate=86,The counter=28,Prize money=9	0	0	0	53	auto
9001	16920	4	1	0	45	135	1	119	133	30	The gate=55,Prize money=23,The counter=16	0	2	0	56	auto
9001	16920	5	2	0	36	107	0	182	165	47	The gate=106,The counter=49,Prize money=16	0	0	0	57	auto
9001	16920	6	2	0	49	145	1	179	177	49	The gate=97,The counter=35,Prize money=21	0	1	0	62	auto
9001	16920	7	2	0	58	170	2	235	239	45	The gate=121,The counter=42,Prize money=34	0	12	0	66	auto
9001	16920	8	3	0	53	155	2	266	270	41	The gate=166,The counter=56,Prize money=20	0	13	0	67	auto
9001	16920	9	3	0	54	158	1	248	240	49	The gate=152,The counter=49,Prize money=26	0	9	0	70	auto
9001	16920	10	3	0	57	158	3	237	241	45	The gate=154,The counter=42,Prize money=24	0	27	0	76	auto
9001	16920	11	3	0	52	129	3	259	259	45	The gate=159,The counter=49,Prize money=28	0	18	0	79	auto
9001	16920	12	3	0	71	151	8	342	337	50	The gate=173,The counter=63,Tournaments=50	0	38	0	80	auto
5150	5150	1	0	0	0	0	0	56	33	31	Prize money=18,The gate=16,Tournaments=8	0	0	0	49	auto
5150	5150	2	1	0	24	72	0	66	58	39	The gate=40,Prize money=11,The counter=9	0	0	0	51	auto
5150	5150	3	1	0	34	102	0	87	80	46	The gate=39,Prize money=20,The counter=9	0	0	0	52	auto
5150	5150	4	2	0	36	108	0	112	110	48	The gate=76,The counter=16,Prize money=7	0	0	0	55	auto
5150	5150	5	1	0	53	157	2	133	135	46	The gate=45,Tournaments=28,Prize money=23	0	12	0	60	auto
5150	5150	6	2	0	49	145	2	148	150	44	The gate=86,The counter=28,Prize money=16	0	10	0	63	auto
5150	5150	7	2	0	60	176	3	226	227	43	The gate=121,The counter=42,Prize money=31	0	26	0	67	auto
5150	5150	8	3	0	54	160	3	240	238	45	The gate=158,The counter=49,Prize money=20	0	25	0	70	auto
5150	5150	9	3	0	55	162	2	229	232	42	The gate=152,The counter=49,Prize money=17	0	13	0	76	auto
5150	5150	10	3	0	55	156	3	310	290	62	The gate=152,The counter=66,Prize money=36	0	21	0	78	auto
5150	5150	11	3	0	57	143	3	339	282	119	The gate=142,The counter=65,Tournaments=60	0	22	0	84	auto
5150	5150	12	3	0	78	163	8	419	466	72	The gate=181,The counter=88,Tournaments=80	0	42	0	83	auto
5150	13069	1	0	0	0	0	0	40	20	28	The gate=18,Prize money=14,The counter=3	0	0	0	49	auto
5150	13069	2	1	0	21	63	0	91	87	32	The gate=35,Prize money=25,The counter=9	0	0	0	51	auto
5150	13069	3	2	0	28	84	0	142	129	45	The gate=100,The counter=28,Prize money=9	0	0	0	53	auto
5150	13069	4	1	0	48	144	2	129	129	45	The gate=58,Prize money=25,The counter=16	0	5	0	58	auto
5150	13069	5	2	0	56	167	2	177	189	33	The gate=100,Prize money=27,The counter=20	0	13	0	61	auto
5150	13069	6	2	0	62	183	2	205	176	62	The gate=75,The counter=40,Tournaments=33	0	17	0	64	auto
5150	13069	7	2	0	68	200	2	253	261	54	The gate=120,The counter=75,Prize money=35	0	11	0	68	auto
5150	13069	8	3	0	74	198	3	312	307	59	The gate=163,The counter=66,Prize money=37	0	22	0	72	auto
5150	13069	9	3	0	66	161	2	281	285	55	The gate=160,The counter=66,Prize money=23	0	18	0	74	auto
5150	13069	10	3	0	64	145	5	368	361	62	The gate=194,The counter=99,Prize money=41	0	43	0	80	auto
5150	13069	11	3	0	67	130	7	416	405	73	The gate=201,The counter=99,Tournaments=50	0	56	0	81	auto
5150	13069	12	3	0	66	105	7	418	408	83	The gate=197,The counter=99,Tournaments=55	0	58	0	82	auto
2718	2718	1	0	0	0	0	0	53	25	36	Prize money=20,The gate=17,Tournaments=10	0	0	0	49	auto
2718	2718	2	1	0	21	63	0	94	97	33	The gate=42,Prize money=18,Tournaments=14	0	0	0	51	auto
2718	2718	3	1	0	28	84	0	69	67	35	The gate=40,The counter=14,Prize money=10	0	0	0	53	auto
2718	2718	4	1	0	51	151	0	119	113	41	The gate=60,Prize money=20,The counter=16	0	0	0	56	auto
2718	2718	5	1	0	75	222	5	131	128	44	The gate=53,Prize money=27,Tournaments=22	0	16	0	61	auto
2718	2718	6	2	0	78	230	3	199	188	55	The gate=99,The counter=35,Prize money=21	0	8	0	65	auto
2718	2718	7	2	0	59	165	1	269	275	49	The gate=132,The counter=49,Tournaments=42	0	4	0	68	auto
2718	2718	8	3	0	87	242	8	283	286	46	The gate=178,The counter=63,Prize money=21	0	48	0	74	auto
2718	2718	9	3	0	86	218	6	274	268	52	The gate=165,The counter=56,Prize money=32	0	48	0	77	auto
2718	2718	10	3	0	85	181	7	323	283	92	The gate=157,Tournaments=60,The counter=49	0	62	0	77	auto
2718	2718	11	3	0	81	160	7	293	324	61	The gate=127,The counter=67,Prize money=45	0	62	0	79	auto
2718	2718	12	3	0	92	157	11	374	327	108	The gate=159,Tournaments=90,The counter=66	0	74	0	82	auto
2718	10637	1	0	0	0	0	0	55	33	30	Prize money=19,The gate=16,Tournaments=8	0	0	0	49	auto
2718	10637	2	1	0	22	66	0	105	94	41	The gate=44,Prize money=21,Tournaments=16	0	0	0	52	auto
2718	10637	3	2	0	36	108	0	116	111	46	The gate=81,The counter=20,The club=6	0	0	0	54	auto
2718	10637	4	1	0	72	216	7	104	107	43	The gate=55,Prize money=20,The counter=16	0	40	0	59	auto
2718	10637	5	2	0	68	199	2	188	188	43	The gate=110,Prize money=32,The counter=28	0	15	0	64	auto
2718	10637	6	3	0	68	198	2	191	197	37	The gate=136,The counter=24,Prize money=15	0	18	0	66	auto
2718	10637	7	3	0	66	190	1	206	201	42	The gate=145,The counter=32,Prize money=19	0	9	0	70	auto
2718	10637	8	3	0	62	174	2	243	235	50	The gate=111,The counter=41,Prize money=35	0	13	0	73	auto
2718	10637	9	3	0	67	157	3	239	236	53	The gate=133,The counter=42,Prize money=41	0	22	0	78	auto
2718	10637	10	3	0	71	156	2	272	275	50	The gate=137,The counter=42,Prize money=39	0	18	0	85	auto
2718	10637	11	3	0	70	107	5	408	381	77	The gate=167,The counter=87,Tournaments=80	0	40	0	87	auto
2718	10637	12	3	0	81	115	9	365	375	67	The gate=184,The counter=88,Prize money=42	0	54	0	83	auto
6060	6060	1	0	0	0	0	0	55	28	35	The gate=20,Prize money=17,Tournaments=12	0	0	0	48	auto
6060	6060	2	1	0	22	66	0	92	101	26	The gate=36,Prize money=25,The club=11	0	0	0	51	auto
6060	6060	3	2	0	26	78	0	116	110	32	The gate=68,The counter=16,Prize money=13	0	0	0	54	auto
6060	6060	4	2	0	39	117	0	149	139	42	The gate=81,The counter=36,Prize money=16	0	0	0	57	auto
6060	6060	5	2	0	43	129	1	163	157	48	The gate=97,The counter=35,Prize money=18	0	2	0	61	auto
6060	6060	6	2	0	52	139	3	209	210	47	The gate=121,The counter=49,Prize money=24	0	12	0	61	auto
6060	6060	7	2	0	66	178	5	172	170	49	The gate=101,The counter=28,Prize money=26	0	27	0	61	auto
6060	6060	8	2	0	68	180	4	152	152	49	The gate=98,The counter=28,Prize money=13	0	30	0	67	auto
6060	6060	9	2	0	63	149	5	234	235	48	The gate=108,Tournaments=42,Prize money=36	0	40	0	68	auto
6060	6060	10	3	0	54	126	4	243	247	44	The gate=155,The counter=49,Prize money=23	0	31	0	74	auto
6060	6060	11	3	0	57	116	5	322	315	51	The gate=158,Tournaments=50,The counter=49	0	38	0	78	auto
6060	6060	12	3	0	53	91	4	319	308	62	The gate=158,The counter=65,Tournaments=35	0	30	0	80	auto
6060	13979	1	0	0	0	0	0	54	34	28	Prize money=18,The gate=17,Tournaments=14	0	0	0	49	auto
6060	13979	2	1	0	23	69	0	58	54	32	The gate=34,Prize money=15,The counter=6	0	0	0	52	auto
6060	13979	3	1	0	26	78	0	109	94	47	The gate=40,Prize money=25,Tournaments=22	0	0	0	54	auto
6060	13979	4	2	0	24	72	0	173	178	42	The gate=109,The counter=28,Prize money=21	0	0	0	55	auto
6060	13979	5	2	0	48	144	1	156	151	47	The gate=107,The counter=24,Prize money=19	0	1	0	58	auto
6060	13979	6	2	0	63	189	2	171	178	40	The gate=111,The counter=28,Prize money=21	0	7	0	63	auto
6060	13979	7	2	0	83	241	6	220	215	45	The gate=91,Tournaments=42,The counter=40	0	35	0	67	auto
6060	13979	8	3	0	76	219	5	268	267	46	The gate=168,The counter=63,Prize money=17	0	38	0	72	auto
6060	13979	9	3	0	74	202	4	246	248	44	The gate=156,The counter=42,Prize money=26	0	21	0	76	auto
6060	13979	10	3	0	72	169	4	272	262	54	The gate=167,The counter=56,Prize money=30	0	31	0	79	auto
6060	13979	11	3	0	75	142	6	289	291	52	The gate=169,The counter=56,Prize money=33	0	43	0	82	auto
6060	13979	12	3	0	72	108	7	336	314	74	The gate=130,Tournaments=80,The counter=57	0	54	0	83	auto
8123	8123	1	0	0	0	0	0	45	20	33	The gate=17,Prize money=17,Tournaments=6	0	0	0	49	auto
8123	8123	2	1	0	22	66	0	72	61	44	The gate=40,Prize money=13,The counter=9	0	0	0	51	auto
8123	8123	3	1	0	28	84	0	91	96	39	The gate=37,Prize money=26,Tournaments=14	0	0	0	54	auto
8123	8123	4	2	0	36	106	0	143	134	48	The gate=93,The counter=24,The club=11	0	0	0	57	auto
8123	8123	5	1	0	58	172	4	106	106	48	The gate=33,Prize money=27,Tournaments=20	0	17	0	60	auto
8123	8123	6	2	0	42	124	2	174	178	44	The gate=108,The counter=35,Prize money=21	0	5	0	63	auto
8123	8123	7	2	0	79	232	5	200	192	52	The gate=117,The counter=42,Prize money=30	0	16	0	68	auto
8123	8123	8	2	0	76	216	6	229	224	57	The gate=102,The counter=37,Prize money=35	0	29	0	72	auto
8123	8123	9	3	0	75	194	5	330	338	49	The gate=183,The counter=99,Prize money=23	0	33	0	76	auto
8123	8123	10	3	0	72	164	5	303	294	58	The gate=174,The counter=77,Prize money=26	0	34	0	80	auto
8123	8123	11	3	0	70	145	6	394	368	84	The gate=186,The counter=88,Tournaments=50	0	46	0	82	auto
8123	8123	12	3	0	61	107	7	391	418	57	The gate=194,The counter=99,Prize money=43	0	52	0	83	auto
8123	16042	1	0	0	0	0	0	50	19	39	Prize money=19,The gate=18,Tournaments=6	0	0	0	49	auto
8123	16042	2	1	0	22	66	0	65	73	31	The gate=41,Prize money=14,The counter=6	0	0	0	52	auto
8123	16042	3	1	0	28	84	0	115	109	37	The gate=45,Prize money=22,Tournaments=22	0	0	0	54	auto
8123	16042	4	2	0	52	156	1	148	134	51	The gate=92,The counter=30,The ground=11	0	1	0	57	auto
8123	16042	5	1	0	78	232	5	144	148	47	The gate=53,Tournaments=28,The counter=27	0	15	0	61	auto
8123	16042	6	2	0	78	231	5	191	192	46	The gate=117,The counter=42,Prize money=22	0	21	0	66	auto
8123	16042	7	2	0	68	200	2	190	183	53	The gate=112,The counter=35,Prize money=24	0	11	0	69	auto
8123	16042	8	2	0	61	172	2	245	240	58	The gate=106,The counter=45,Prize money=39	0	12	0	72	auto
8123	16042	9	3	0	81	201	7	273	270	61	The gate=154,The counter=66,Prize money=29	0	43	0	76	auto
8123	16042	10	3	0	88	182	8	355	322	94	The gate=166,The counter=77,Tournaments=45	0	64	0	81	auto
8123	16042	11	3	0	86	156	9	378	404	68	The gate=160,Tournaments=80,The counter=66	0	71	0	83	auto
8123	16042	12	3	0	96	149	12	503	415	156	The gate=188,Tournaments=140,The counter=88	0	97	0	84	auto
9001	9001	1	0	56	0	0	0	43	22	29	Prize money=17,The gate=14,The club=5	20	0	0	50	auto+bout
9001	9001	2	1	99	1	3	0	63	52	40	The gate=33,Prize money=15,The counter=6	33	0	0	52	auto+bout
9001	9001	3	1	78	1	3	0	88	85	43	The gate=32,Tournaments=22,Prize money=20	26	0	0	56	auto+bout
9001	9001	4	1	108	0	0	0	144	144	43	The gate=57,Tournaments=28,Prize money=27	36	0	0	57	auto+bout
9001	9001	5	2	121	0	0	0	146	158	31	The gate=96,The counter=20,The ground=12	41	0	0	60	auto+bout
9001	9001	6	1	174	0	0	0	131	116	46	The gate=51,Tournaments=28,The counter=26	58	0	0	66	auto+bout
9001	9001	7	1	186	2	6	0	163	164	45	The gate=71,The counter=28,Tournaments=28	65	0	0	70	auto+bout
9001	9001	8	2	193	2	6	0	200	196	49	The gate=114,The counter=35,Prize money=35	69	0	0	73	auto+bout
9001	9001	9	3	178	20	58	0	260	246	63	The gate=156,The counter=49,Prize money=34	68	0	0	78	auto+bout
9001	9001	10	3	188	27	79	0	369	346	86	The gate=166,Tournaments=80,The counter=56	74	0	0	84	auto+bout
9001	9001	11	3	218	27	47	2	343	302	127	The gate=149,Tournaments=90,Prize money=44	130	13	0	85	auto+bout
9001	9001	12	3	227	36	70	1	420	401	146	The gate=166,Tournaments=125,The counter=56	132	0	0	93	auto+bout
9001	16920	1	0	56	0	0	0	58	32	34	Prize money=20,The gate=18,Tournaments=14	20	0	0	50	auto+bout
9001	16920	2	1	90	1	3	0	92	100	26	The gate=37,Prize money=22,Tournaments=14	31	0	0	52	auto+bout
9001	16920	3	2	156	3	9	0	137	120	43	The gate=89,The counter=28,Prize money=13	52	0	0	57	auto+bout
9001	16920	4	2	178	0	0	0	170	175	38	The gate=89,Prize money=25,The counter=24	60	0	0	62	auto+bout
9001	16920	5	2	256	3	9	0	258	254	42	The gate=118,The counter=48,Tournaments=42	88	0	0	68	auto+bout
9001	16920	6	3	153	17	50	0	232	227	47	The gate=147,The counter=42,Prize money=19	57	0	0	71	auto+bout
9001	16920	7	3	87	30	87	0	252	233	66	The gate=144,The counter=42,Prize money=34	36	0	0	75	auto+bout
9001	16920	8	3	142	40	101	1	322	325	63	The gate=172,The counter=63,Prize money=37	59	7	0	79	auto+bout
9001	16920	9	3	140	53	128	2	302	283	82	The gate=153,The counter=49,Tournaments=45	69	4	0	82	auto+bout
9001	16920	10	3	115	49	102	3	473	391	164	Tournaments=170,The gate=150,The counter=84	69	17	0	90	auto+bout
9001	16920	11	3	196	37	72	6	496	505	155	The gate=177,Tournaments=170,The counter=77	153	12	0	94	auto+bout
9001	16920	12	3	190	33	43	5	405	470	90	The gate=170,Tournaments=100,The counter=66	140	4	0	95	auto+bout
5150	5150	1	0	59	0	0	0	53	33	28	Prize money=18,The gate=16,The club=6	21	0	0	51	auto+bout
5150	5150	2	1	84	3	9	0	66	51	43	The gate=40,Prize money=11,The counter=9	28	0	0	54	auto+bout
5150	5150	3	1	102	0	0	0	101	97	47	The gate=42,Prize money=22,Tournaments=16	34	0	0	54	auto+bout
5150	5150	4	2	198	2	6	0	116	116	47	The gate=78,The counter=16,Prize money=9	67	0	0	59	auto+bout
5150	5150	5	1	167	4	12	0	123	130	40	The gate=52,Prize money=26,Tournaments=22	56	0	0	63	auto+bout
5150	5150	6	2	182	12	34	0	159	159	40	The gate=85,Prize money=29,The counter=20	63	0	0	68	auto+bout
5150	5150	7	3	182	14	42	0	272	264	48	The gate=159,The counter=63,Prize money=32	65	0	0	73	auto+bout
5150	5150	8	3	83	31	75	1	288	282	54	The gate=174,The counter=63,Prize money=36	35	0	0	78	auto+bout
5150	5150	9	3	136	30	73	1	282	278	58	The gate=124,The counter=57,Prize money=43	59	0	0	83	auto+bout
5150	5150	10	3	150	42	92	2	512	416	154	The gate=191,Tournaments=160,The counter=99	92	8	0	87	auto+bout
5150	5150	11	3	231	28	45	4	417	494	77	The gate=193,The counter=99,Prize money=45	116	8	0	91	auto+bout
5150	5150	12	3	242	22	40	5	411	405	83	The gate=173,Tournaments=90,The counter=77	111	8	0	92	auto+bout
5150	13069	1	0	59	0	0	0	58	34	32	The gate=18,Prize money=18,Tournaments=14	21	0	0	51	auto+bout
5150	13069	2	1	81	1	3	0	119	109	42	The gate=46,Tournaments=28,Prize money=19	27	0	0	54	auto+bout
5150	13069	3	2	201	1	3	0	135	140	37	The gate=93,The counter=20,Prize money=17	67	0	0	59	auto+bout
5150	13069	4	2	232	0	0	0	142	132	47	The gate=71,Prize money=29,The counter=21	79	0	0	66	auto+bout
5150	13069	5	3	173	14	42	0	181	182	46	The gate=121,The counter=42,The ground=10	64	0	0	70	auto+bout
5150	13069	6	2	125	38	99	0	272	265	53	The gate=110,The counter=50,Tournaments=42	50	0	0	73	auto+bout
5150	13069	7	3	109	55	132	0	329	328	54	The gate=176,The counter=99,Prize money=30	61	0	0	75	auto+bout
5150	13069	8	3	159	62	116	2	400	389	65	The gate=191,The counter=88,Tournaments=50	125	16	0	85	auto+bout
5150	13069	9	3	124	48	90	4	398	384	79	The gate=173,The counter=77,Tournaments=75	89	13	0	90	auto+bout
5150	13069	10	3	94	30	46	6	446	465	60	The gate=198,The counter=99,Tournaments=70	50	0	0	93	auto+bout
5150	13069	11	3	81	20	20	7	488	400	148	The gate=191,Tournaments=130,The counter=99	71	9	0	93	auto+bout
5150	13069	12	3	163	21	21	6	542	485	205	The gate=196,Tournaments=170,The counter=99	82	0	0	93	auto+bout
2718	2718	1	0	59	0	0	0	53	25	36	Prize money=20,The gate=17,Tournaments=10	21	0	0	51	auto+bout
2718	2718	2	1	81	0	0	0	99	89	46	The gate=43,Prize money=25,Tournaments=14	27	0	0	53	auto+bout
2718	2718	3	2	126	2	6	0	115	114	47	The gate=68,Prize money=23,The counter=16	42	0	0	56	auto+bout
2718	2718	4	2	339	0	0	0	136	145	38	The gate=86,The counter=24,Prize money=15	115	0	0	62	auto+bout
2718	2718	5	2	187	14	42	0	159	156	41	The gate=93,Prize money=34,The counter=20	69	0	0	69	auto+bout
2718	2718	6	3	66	42	122	0	185	184	42	The gate=114,Prize money=25,The counter=24	29	0	0	75	auto+bout
2718	2718	7	3	77	47	124	1	247	238	51	The gate=144,The counter=49,Prize money=27	42	8	0	80	auto+bout
2718	2718	8	3	76	46	109	2	303	271	83	The gate=132,The counter=57,Tournaments=55	54	12	0	85	auto+bout
2718	2718	9	3	187	37	65	4	396	416	63	The gate=181,The counter=88,Tournaments=55	110	10	0	90	auto+bout
2718	2718	10	3	114	37	76	3	464	396	131	The gate=191,Tournaments=105,The counter=99	93	9	0	92	auto+bout
2718	2718	11	3	247	28	45	5	428	499	60	The gate=190,The counter=99,Tournaments=70	123	8	0	91	auto+bout
2718	2718	12	3	117	37	53	7	533	428	165	The gate=199,Tournaments=170,The counter=99	71	8	0	95	auto+bout
2718	10637	1	0	56	0	0	0	55	33	30	Prize money=19,The gate=16,Tournaments=8	20	0	0	51	auto+bout
2718	10637	2	1	117	2	6	0	122	111	41	The gate=50,Prize money=26,Tournaments=22	39	0	0	54	auto+bout
2718	10637	3	2	310	0	0	0	125	127	39	The gate=84,The counter=20,Prize money=10	106	0	0	61	auto+bout
2718	10637	4	2	193	12	36	0	177	177	39	The gate=90,Prize money=28,Tournaments=21	70	0	0	67	auto+bout
2718	10637	5	2	83	39	115	0	186	179	46	The gate=92,The counter=47,Prize money=31	36	0	0	72	auto+bout
2718	10637	6	3	97	39	114	0	259	251	54	The gate=158,The counter=49,Prize money=30	39	0	0	74	auto+bout
2718	10637	7	3	53	40	107	1	277	275	56	The gate=152,The counter=49,Prize money=44	25	0	0	81	auto+bout
2718	10637	8	3	112	44	92	3	354	351	59	The gate=154,Tournaments=70,The counter=57	58	12	0	83	auto+bout
2718	10637	9	3	76	57	112	4	337	306	90	The gate=145,The counter=65,Tournaments=55	65	20	0	87	auto+bout
2718	10637	10	3	148	58	106	4	471	404	157	The gate=166,Tournaments=160,The counter=66	86	22	0	94	auto+bout
2718	10637	11	3	192	46	80	6	391	454	94	The gate=162,Tournaments=85,The counter=66	96	12	0	93	auto+bout
2718	10637	12	3	124	53	86	8	478	420	152	The gate=173,Tournaments=160,The counter=77	91	9	0	94	auto+bout
6060	6060	1	0	62	0	0	0	56	28	36	The gate=22,Prize money=20,Tournaments=8	22	0	0	50	auto+bout
6060	6060	2	1	78	0	0	0	82	73	45	The gate=35,Prize money=25,The club=11	26	0	0	53	auto+bout
6060	6060	3	2	158	1	3	0	131	131	45	The gate=80,The counter=22,Prize money=16	53	0	0	59	auto+bout
6060	6060	4	2	147	0	0	0	136	140	41	The gate=81,Prize money=26,The counter=20	49	0	0	63	auto+bout
6060	6060	5	2	204	4	12	0	179	177	43	The gate=112,Prize money=31,The counter=28	70	0	0	68	auto+bout
6060	6060	6	3	260	9	25	0	233	243	33	The gate=150,The counter=37,Prize money=23	99	0	0	74	auto+bout
6060	6060	7	3	81	41	108	0	218	200	51	The gate=112,The counter=54,Prize money=31	39	0	0	79	auto+bout
6060	6060	8	3	76	53	130	1	281	276	56	The gate=160,The counter=49,Prize money=40	61	7	0	83	auto+bout
6060	6060	9	3	57	44	91	1	423	336	143	Tournaments=160,The gate=156,The counter=49	57	7	0	85	auto+bout
6060	6060	10	3	192	30	72	2	293	375	61	The gate=121,The counter=56,Tournaments=50	90	4	0	89	auto+bout
6060	6060	11	3	116	37	85	3	478	416	123	The gate=180,Tournaments=130,The counter=88	72	0	0	92	auto+bout
6060	6060	12	3	221	28	57	4	472	472	123	The gate=178,Tournaments=130,The counter=88	158	0	0	93	auto+bout
6060	13979	1	0	65	0	0	0	52	34	26	Prize money=20,The gate=17,Tournaments=10	23	0	0	51	auto+bout
6060	13979	2	1	87	0	0	0	65	61	30	The gate=37,Prize money=18,The counter=6	29	0	0	54	auto+bout
6060	13979	3	2	144	1	3	0	122	107	45	The gate=75,The counter=20,Prize money=15	49	0	0	58	auto+bout
6060	13979	4	2	167	0	0	0	130	130	45	The gate=72,The counter=20,Prize money=19	57	0	0	60	auto+bout
6060	13979	5	2	218	2	6	0	140	142	43	The gate=93,The counter=20,Prize money=20	74	0	0	65	auto+bout
6060	13979	6	2	224	20	59	0	190	184	49	The gate=88,Prize money=35,The counter=22	83	0	0	72	auto+bout
6060	13979	7	3	165	37	106	0	255	255	49	The gate=154,The counter=63,Prize money=26	60	0	0	75	auto+bout
6060	13979	8	3	73	59	143	2	279	271	57	The gate=142,The counter=42,Prize money=40	40	5	0	81	auto+bout
6060	13979	9	3	81	65	126	2	344	333	68	The gate=140,Tournaments=70,The counter=64	55	10	0	86	auto+bout
6060	13979	10	3	127	53	96	5	376	340	104	The gate=162,Tournaments=80,The counter=66	108	16	0	90	auto+bout
6060	13979	11	3	190	34	46	5	462	409	157	Tournaments=170,The gate=166,The counter=66	96	6	0	92	auto+bout
6060	13979	12	3	212	41	69	4	530	530	157	The gate=187,Tournaments=170,The counter=99	126	4	0	93	auto+bout
8123	8123	1	0	59	0	0	0	72	34	46	Tournaments=28,Prize money=20,The gate=17	21	0	0	51	auto+bout
8123	8123	2	1	93	1	3	0	103	102	47	The gate=53,Tournaments=14,The counter=13	31	0	0	54	auto+bout
8123	8123	3	1	135	0	0	0	107	113	41	The gate=53,Prize money=21,The counter=12	45	0	0	57	auto+bout
8123	8123	4	2	201	1	3	0	169	161	49	The gate=94,The counter=32,Prize money=20	70	0	0	61	auto+bout
8123	8123	5	2	181	11	32	0	159	158	50	The gate=85,The counter=34,Prize money=21	64	0	0	65	auto+bout
8123	8123	6	2	231	19	52	0	201	201	50	The gate=110,The counter=35,Prize money=34	83	0	0	69	auto+bout
8123	8123	7	3	119	36	99	0	247	244	53	The gate=147,The counter=42,Prize money=35	47	0	0	74	auto+bout
8123	8123	8	3	78	45	123	0	274	277	50	The gate=160,The counter=49,Prize money=36	48	0	0	78	auto+bout
8123	8123	9	3	99	46	108	1	314	303	61	The gate=125,Tournaments=70,The counter=56	54	9	0	81	auto+bout
8123	8123	10	3	151	44	95	2	340	319	82	The gate=171,The counter=77,Prize money=43	110	13	0	88	auto+bout
8123	8123	11	3	179	44	76	3	406	415	73	The gate=184,The counter=88,Tournaments=60	113	24	0	91	auto+bout
8123	8123	12	3	152	49	65	7	493	435	131	The gate=187,Tournaments=140,The counter=88	105	28	0	93	auto+bout
8123	16042	1	0	56	0	0	0	54	33	29	Prize money=19,The gate=18,Tournaments=8	20	0	0	51	auto+bout
8123	16042	2	1	87	2	6	0	69	53	45	The gate=42,Prize money=14,The counter=9	29	0	0	53	auto+bout
8123	16042	3	1	188	0	0	0	121	121	45	The gate=53,Tournaments=22,Prize money=20	63	0	0	58	auto+bout
8123	16042	4	1	174	1	3	0	118	111	52	The gate=42,Tournaments=28,Prize money=26	58	0	0	62	auto+bout
8123	16042	5	2	346	3	9	0	220	225	47	The gate=127,The counter=49,Prize money=27	120	0	0	66	auto+bout
8123	16042	6	3	114	30	87	0	276	276	47	The gate=171,The counter=63,Prize money=29	42	0	0	71	auto+bout
8123	16042	7	3	56	45	128	0	232	228	51	The gate=147,The counter=42,Prize money=28	24	0	0	76	auto+bout
8123	16042	8	3	145	47	128	1	333	324	60	The gate=163,The counter=66,Prize money=41	62	4	0	82	auto+bout
8123	16042	9	3	94	54	111	3	290	291	59	The gate=150,The counter=65,Prize money=46	70	16	0	87	auto+bout
8123	16042	10	3	123	58	104	5	382	378	63	The gate=189,The counter=88,Prize money=44	105	25	0	92	auto+bout
8123	16042	11	3	93	34	41	6	465	370	158	Tournaments=170,The gate=164,The counter=66	79	12	0	93	auto+bout
8123	16042	12	3	235	27	27	5	474	471	161	The gate=170,Tournaments=140,The counter=77	146	4	0	94	auto+bout
9001	9001	1	0	0	0	0	0	43	22	29	Prize money=17,The gate=14,The club=5	0	0	0	48	low
9001	9001	2	1	0	21	63	0	62	52	39	The gate=32,Prize money=15,The counter=6	0	0	0	50	low
9001	9001	3	1	0	32	96	0	80	85	34	The gate=32,Prize money=20,Tournaments=14	0	0	0	54	low
9001	9001	4	1	0	24	72	0	127	113	48	The gate=43,Prize money=23,Tournaments=22	0	0	0	54	low
9001	9001	5	2	0	26	78	0	166	173	41	The gate=97,The counter=35,Prize money=17	0	0	0	55	low
9001	9001	6	2	0	70	210	6	224	215	50	The gate=125,The counter=49,Prize money=26	0	27	0	61	low
9001	9001	7	2	0	80	240	8	205	214	41	The gate=108,The counter=35,Prize money=34	0	39	0	66	low
9001	9001	8	3	0	81	243	7	264	255	50	The gate=162,The counter=56,Prize money=31	0	44	0	70	low
9001	9001	9	3	0	74	222	4	234	231	53	The gate=146,The counter=42,Prize money=36	0	27	0	74	low
9001	9001	10	3	0	72	216	3	395	336	112	The gate=174,Tournaments=95,The counter=63	0	13	0	79	low
9001	9001	11	3	0	60	180	2	273	329	56	The gate=164,The counter=56,Prize money=34	0	10	0	80	low
9001	9001	12	3	0	67	199	5	314	289	81	The gate=145,Tournaments=60,Prize money=42	0	16	0	83	low
9001	16920	1	0	0	0	0	0	58	32	34	Prize money=20,The gate=18,Tournaments=14	0	0	0	48	low
9001	16920	2	1	0	21	63	0	84	91	27	The gate=37,Prize money=22,The counter=8	0	0	0	50	low
9001	16920	3	2	0	30	90	0	130	113	44	The gate=86,The counter=28,Prize money=9	0	0	0	53	low
9001	16920	4	1	0	45	135	1	119	133	30	The gate=55,Prize money=23,The counter=16	0	2	0	56	low
9001	16920	5	2	0	36	108	0	184	170	44	The gate=108,The counter=49,Prize money=16	0	0	0	57	low
9001	16920	6	2	0	52	156	1	180	171	53	The gate=99,The counter=35,Prize money=21	0	2	0	62	low
9001	16920	7	2	0	59	177	3	235	239	49	The gate=121,The counter=42,Prize money=34	0	17	0	66	low
9001	16920	8	3	0	57	171	2	266	270	45	The gate=166,The counter=56,Prize money=20	0	18	0	67	low
9001	16920	9	3	0	62	186	3	248	248	45	The gate=152,The counter=49,Prize money=26	0	22	0	71	low
9001	16920	10	3	0	59	177	3	237	235	47	The gate=154,The counter=42,Prize money=24	0	26	0	77	low
9001	16920	11	3	0	55	163	3	282	270	59	The gate=159,The counter=49,Prize money=41	0	18	0	82	low
9001	16920	12	3	0	47	139	5	328	324	63	The gate=141,The counter=61,Tournaments=55	0	22	0	84	low
5150	5150	1	0	0	0	0	0	56	33	31	Prize money=18,The gate=16,Tournaments=8	0	0	0	49	low
5150	5150	2	1	0	24	72	0	64	58	37	The gate=40,Prize money=9,The counter=9	0	0	0	51	low
5150	5150	3	1	0	33	99	0	102	97	42	The gate=40,Tournaments=22,Prize money=19	0	0	0	52	low
5150	5150	4	2	0	56	168	0	145	136	51	The gate=70,The counter=24,Prize money=18	0	0	0	55	low
5150	5150	5	2	0	82	246	3	147	154	44	The gate=78,The counter=33,Prize money=19	0	10	0	61	low
5150	5150	6	2	0	81	243	4	222	220	46	The gate=106,The counter=35,Prize money=33	0	21	0	66	low
5150	5150	7	3	0	78	234	4	235	238	43	The gate=153,The counter=49,Prize money=18	0	25	0	71	low
5150	5150	8	3	0	71	213	3	257	244	56	The gate=160,The counter=49,Prize money=38	0	22	0	75	low
5150	5150	9	3	0	65	195	2	332	273	115	The gate=145,Tournaments=95,The counter=42	0	18	0	78	low
5150	5150	10	3	0	50	150	3	383	377	121	The gate=150,Tournaments=90,Transfers=47	0	22	0	82	low
5150	5150	11	3	0	81	241	7	351	408	64	The gate=148,The counter=72,Tournaments=50	0	49	0	88	low
5150	5150	12	3	0	68	200	6	459	401	122	The gate=185,Tournaments=115,The counter=88	0	35	0	89	low
5150	13069	1	0	0	0	0	0	40	20	28	The gate=18,Prize money=14,The counter=3	0	0	0	49	low
5150	13069	2	1	0	21	63	0	91	87	32	The gate=35,Prize money=25,The counter=9	0	0	0	51	low
5150	13069	3	2	0	28	84	0	142	129	45	The gate=100,The counter=28,Prize money=9	0	0	0	53	low
5150	13069	4	1	0	48	144	2	127	129	43	The gate=58,Prize money=23,The counter=16	0	5	0	57	low
5150	13069	5	2	0	56	168	2	167	157	53	The gate=90,Prize money=27,The counter=21	0	13	0	61	low
5150	13069	6	2	0	59	177	2	190	190	53	The gate=95,The counter=34,Prize money=31	0	17	0	64	low
5150	13069	7	2	0	74	222	4	214	216	51	The gate=107,The counter=35,Prize money=34	0	31	0	68	low
5150	13069	8	3	0	74	222	3	237	244	44	The gate=146,The counter=42,Prize money=26	0	26	0	72	low
5150	13069	9	3	0	65	195	2	265	255	54	The gate=155,The counter=49,Prize money=32	0	18	0	76	low
5150	13069	10	3	0	60	180	2	341	278	117	The gate=163,Tournaments=60,The counter=49	0	18	0	82	low
5150	13069	11	3	0	64	192	4	366	411	72	The gate=150,The counter=83,Tournaments=65	0	26	0	85	low
5150	13069	12	3	0	62	186	5	430	424	78	The gate=195,The counter=99,Tournaments=60	0	35	0	89	low
2718	2718	1	0	0	0	0	0	53	25	36	Prize money=20,The gate=17,Tournaments=10	0	0	0	49	low
2718	2718	2	1	0	21	63	0	94	97	33	The gate=42,Prize money=18,Tournaments=14	0	0	0	51	low
2718	2718	3	1	0	28	84	0	69	67	35	The gate=40,The counter=14,Prize money=10	0	0	0	53	low
2718	2718	4	1	0	51	153	0	119	113	41	The gate=60,Prize money=20,The counter=16	0	0	0	56	low
2718	2718	5	1	0	76	228	6	131	128	44	The gate=53,Prize money=27,Tournaments=22	0	17	0	61	low
2718	2718	6	2	0	78	234	4	199	188	55	The gate=99,The counter=35,Prize money=21	0	9	0	65	low
2718	2718	7	2	0	59	177	0	269	275	49	The gate=132,The counter=49,Tournaments=42	0	0	0	68	low
2718	2718	8	3	0	86	258	7	283	286	46	The gate=178,The counter=63,Prize money=21	0	43	0	74	low
2718	2718	9	3	0	81	243	6	299	270	75	The gate=165,The counter=56,Prize money=37	0	34	0	79	low
2718	2718	10	3	0	76	228	3	373	334	114	The gate=175,Tournaments=75,The counter=63	0	22	0	80	low
2718	2718	11	3	0	64	190	4	289	349	54	The gate=161,The counter=49,Prize money=46	0	22	0	81	low
2718	2718	12	3	0	74	220	5	312	240	126	The gate=150,Tournaments=70,The counter=42	0	31	0	87	low
2718	10637	1	0	0	0	0	0	55	33	30	Prize money=19,The gate=16,Tournaments=8	0	0	0	49	low
2718	10637	2	1	0	22	66	0	105	94	41	The gate=44,Prize money=21,Tournaments=16	0	0	0	51	low
2718	10637	3	2	0	36	108	0	116	111	46	The gate=81,The counter=20,The club=6	0	0	0	54	low
2718	10637	4	1	0	72	216	7	94	97	43	The gate=53,Prize money=20,The counter=16	0	36	0	60	low
2718	10637	5	2	0	68	204	3	195	211	27	The gate=110,Prize money=32,The counter=28	0	18	0	64	low
2718	10637	6	3	0	67	201	2	212	197	42	The gate=135,The counter=42,Prize money=15	0	17	0	67	low
2718	10637	7	3	0	67	201	3	238	241	39	The gate=146,The counter=56,Prize money=19	0	14	0	71	low
2718	10637	8	3	0	55	165	1	317	300	56	The gate=167,The counter=56,Prize money=35	0	9	0	74	low
2718	10637	9	3	0	57	171	1	261	257	60	The gate=122,The counter=46,Prize money=41	0	9	0	78	low
2718	10637	10	3	0	57	171	1	334	338	56	The gate=159,The counter=66,Prize money=41	0	9	0	85	low
2718	10637	11	3	0	82	246	4	507	417	146	The gate=187,Tournaments=160,The counter=88	0	21	0	90	low
2718	10637	12	3	0	55	164	3	470	477	139	The gate=185,Tournaments=130,The counter=88	0	0	0	92	low
6060	6060	1	0	0	0	0	0	55	28	35	The gate=20,Prize money=17,Tournaments=12	0	0	0	48	low
6060	6060	2	1	0	22	66	0	92	101	26	The gate=36,Prize money=25,The club=11	0	0	0	51	low
6060	6060	3	2	0	26	78	0	116	110	32	The gate=68,The counter=16,Prize money=13	0	0	0	54	low
6060	6060	4	2	0	39	117	0	149	139	42	The gate=81,The counter=36,Prize money=16	0	0	0	57	low
6060	6060	5	2	0	43	129	1	163	157	48	The gate=97,The counter=35,Prize money=18	0	2	0	61	low
6060	6060	6	2	0	53	159	3	206	201	53	The gate=118,The counter=49,Prize money=24	0	12	0	61	low
6060	6060	7	2	0	67	201	4	172	176	49	The gate=101,The counter=28,Prize money=26	0	21	0	61	low
6060	6060	8	2	0	63	189	4	152	151	50	The gate=98,The counter=28,Prize money=13	0	30	0	67	low
6060	6060	9	2	0	60	180	4	234	233	51	The gate=108,Tournaments=42,Prize money=36	0	34	0	70	low
6060	6060	10	3	0	58	173	3	247	250	48	The gate=155,The counter=49,Prize money=27	0	18	0	75	low
6060	6060	11	3	0	57	170	4	315	274	89	The gate=131,Tournaments=65,The counter=42	0	22	0	82	low
6060	6060	12	3	0	47	139	4	356	359	86	The gate=155,The counter=66,Tournaments=65	0	12	0	84	low
6060	13979	1	0	0	0	0	0	54	34	28	Prize money=18,The gate=17,Tournaments=14	0	0	0	49	low
6060	13979	2	1	0	23	69	0	58	54	32	The gate=34,Prize money=15,The counter=6	0	0	0	52	low
6060	13979	3	1	0	26	78	0	109	94	47	The gate=40,Prize money=25,Tournaments=22	0	0	0	54	low
6060	13979	4	2	0	24	72	0	173	178	42	The gate=109,The counter=28,Prize money=21	0	0	0	55	low
6060	13979	5	2	0	48	144	1	156	151	47	The gate=107,The counter=24,Prize money=19	0	1	0	58	low
6060	13979	6	2	0	69	207	2	170	175	42	The gate=111,The counter=28,Prize money=21	0	7	0	63	low
6060	13979	7	2	0	86	258	6	221	213	50	The gate=91,Tournaments=42,The counter=40	0	38	0	68	low
6060	13979	8	3	0	73	219	4	268	272	46	The gate=168,The counter=63,Prize money=17	0	30	0	71	low
6060	13979	9	3	0	68	204	4	281	285	42	The gate=156,The counter=42,Tournaments=35	0	30	0	76	low
6060	13979	10	3	0	68	204	3	304	272	74	The gate=167,The counter=56,Prize money=37	0	22	0	80	low
6060	13979	11	3	0	66	197	4	304	298	80	The gate=167,The counter=56,Prize money=40	0	22	0	84	low
6060	13979	12	3	0	65	193	3	405	359	126	The gate=147,Tournaments=130,The counter=57	0	18	0	87	low
8123	8123	1	0	0	0	0	0	45	20	33	The gate=17,Prize money=17,Tournaments=6	0	0	0	49	low
8123	8123	2	1	0	22	66	0	72	61	44	The gate=40,Prize money=13,The counter=9	0	0	0	51	low
8123	8123	3	1	0	28	84	0	91	96	39	The gate=37,Prize money=26,Tournaments=14	0	0	0	54	low
8123	8123	4	2	0	36	108	0	143	134	48	The gate=93,The counter=24,The club=11	0	0	0	57	low
8123	8123	5	1	0	59	177	4	106	106	48	The gate=33,Prize money=27,Tournaments=20	0	17	0	60	low
8123	8123	6	2	0	44	132	2	174	171	51	The gate=108,The counter=35,Prize money=21	0	5	0	63	low
8123	8123	7	2	0	65	195	4	201	200	52	The gate=117,The counter=42,Prize money=30	0	10	0	68	low
8123	8123	8	2	0	68	204	5	225	224	53	The gate=102,The counter=36,Tournaments=33	0	23	0	70	low
8123	8123	9	3	0	71	213	6	325	318	60	The gate=163,The counter=77,Prize money=40	0	27	0	75	low
8123	8123	10	3	0	68	204	4	368	367	61	The gate=201,The counter=99,Prize money=43	0	21	0	79	low
8123	8123	11	3	0	60	180	3	378	365	74	The gate=197,The counter=99,Prize money=42	0	18	0	83	low
8123	8123	12	3	0	47	138	5	386	367	93	The gate=191,The counter=99,Prize money=42	0	18	0	86	low
8123	16042	1	0	0	0	0	0	50	19	39	Prize money=19,The gate=18,Tournaments=6	0	0	0	49	low
8123	16042	2	1	0	22	66	0	65	73	31	The gate=41,Prize money=14,The counter=6	0	0	0	52	low
8123	16042	3	1	0	28	84	0	115	109	37	The gate=45,Prize money=22,Tournaments=22	0	0	0	54	low
8123	16042	4	2	0	52	156	1	148	134	51	The gate=92,The counter=30,The ground=11	0	1	0	57	low
8123	16042	5	1	0	79	237	5	144	149	46	The gate=53,Tournaments=28,The counter=27	0	15	0	61	low
8123	16042	6	2	0	78	234	5	191	191	46	The gate=117,The counter=42,Prize money=22	0	21	0	66	low
8123	16042	7	2	0	70	210	3	190	186	50	The gate=112,The counter=35,Prize money=24	0	15	0	70	low
8123	16042	8	2	0	67	201	2	244	238	56	The gate=106,The counter=45,Prize money=39	0	17	0	72	low
8123	16042	9	3	0	83	249	6	273	267	62	The gate=154,The counter=66,Prize money=29	0	28	0	77	low
8123	16042	10	3	0	82	246	2	405	349	118	The gate=166,Tournaments=95,The counter=77	0	18	0	83	low
8123	16042	11	3	0	71	212	4	420	413	125	The gate=158,Tournaments=130,The counter=66	0	26	0	87	low
8123	16042	12	3	0	71	211	6	470	473	122	The gate=185,Tournaments=110,The counter=88	0	31	0	89	low
9001	9001	1	0	57	0	0	0	43	22	29	Prize money=17,The gate=14,The club=5	19	0	0	50	low+bout
9001	9001	2	1	99	2	6	0	63	52	40	The gate=33,Prize money=15,The counter=6	33	0	0	52	low+bout
9001	9001	3	1	78	1	3	0	88	85	43	The gate=32,Tournaments=22,Prize money=20	26	0	0	56	low+bout
9001	9001	4	1	108	0	0	0	144	144	43	The gate=57,Tournaments=28,Prize money=27	36	0	0	57	low+bout
9001	9001	5	2	123	0	0	0	146	158	31	The gate=96,The counter=20,The ground=12	41	0	0	60	low+bout
9001	9001	6	1	174	0	0	0	131	116	46	The gate=51,Tournaments=28,The counter=26	58	0	0	66	low+bout
9001	9001	7	1	192	2	6	0	163	164	45	The gate=71,The counter=28,Tournaments=28	64	0	0	70	low+bout
9001	9001	8	2	195	3	9	0	200	196	49	The gate=114,The counter=35,Prize money=35	65	0	0	73	low+bout
9001	9001	9	3	195	20	60	0	310	246	113	The gate=156,Tournaments=60,The counter=49	65	0	0	78	low+bout
9001	9001	10	3	186	31	93	0	351	352	112	The gate=141,Tournaments=85,The counter=53	62	0	0	85	low+bout
9001	9001	11	3	327	26	78	0	497	454	155	The gate=198,Tournaments=130,The counter=99	110	0	0	91	low+bout
9001	9001	12	3	212	37	107	4	516	524	147	The gate=187,Tournaments=160,The counter=88	71	0	0	95	low+bout
9001	16920	1	0	57	0	0	0	58	32	34	Prize money=20,The gate=18,Tournaments=14	19	0	0	50	low+bout
9001	16920	2	1	90	2	6	0	92	100	26	The gate=37,Prize money=22,Tournaments=14	30	0	0	52	low+bout
9001	16920	3	2	156	4	12	0	137	127	36	The gate=89,The counter=28,Prize money=13	52	0	0	57	low+bout
9001	16920	4	2	150	0	0	0	170	165	41	The gate=89,Prize money=25,The counter=24	50	0	0	62	low+bout
9001	16920	5	2	231	3	9	0	196	189	48	The gate=107,The counter=48,Prize money=21	77	0	0	67	low+bout
9001	16920	6	2	255	20	60	0	269	273	44	The gate=131,The counter=49,Prize money=35	85	0	0	72	low+bout
9001	16920	7	3	164	30	90	0	274	256	62	The gate=146,The counter=42,Prize money=33	55	0	0	77	low+bout
9001	16920	8	3	42	47	141	1	268	259	71	The gate=149,The counter=42,Prize money=33	14	0	0	78	low+bout
9001	16920	9	3	150	49	147	1	336	330	77	The gate=135,The counter=68,Tournaments=60	50	0	0	82	low+bout
9001	16920	10	3	147	54	160	2	454	441	90	The gate=190,Tournaments=100,The counter=99	49	0	0	90	low+bout
9001	16920	11	3	96	50	144	3	472	407	155	Tournaments=170,The gate=164,The counter=66	32	0	0	93	low+bout
9001	16920	12	3	147	36	105	5	410	476	89	The gate=162,Tournaments=100,The counter=66	49	0	0	93	low+bout
5150	5150	1	0	60	0	0	0	53	33	28	Prize money=18,The gate=16,The club=6	20	0	0	51	low+bout
5150	5150	2	1	84	4	12	0	66	51	43	The gate=40,Prize money=11,The counter=9	28	0	0	54	low+bout
5150	5150	3	1	102	0	0	0	101	97	47	The gate=42,Prize money=22,Tournaments=16	34	0	0	54	low+bout
5150	5150	4	2	201	2	6	0	116	116	47	The gate=78,The counter=16,Prize money=9	67	0	0	59	low+bout
5150	5150	5	1	168	4	12	0	123	130	40	The gate=52,Prize money=26,Tournaments=22	56	0	0	63	low+bout
5150	5150	6	2	186	10	30	0	159	159	40	The gate=85,Prize money=29,The counter=20	62	0	0	68	low+bout
5150	5150	7	3	189	14	42	0	272	264	48	The gate=159,The counter=63,Prize money=32	63	0	0	73	low+bout
5150	5150	8	3	84	25	74	1	288	282	54	The gate=174,The counter=63,Prize money=36	28	0	0	78	low+bout
5150	5150	9	3	156	24	72	1	302	279	77	The gate=124,Tournaments=60,The counter=57	52	0	0	84	low+bout
5150	5150	10	3	208	37	111	1	427	440	64	The gate=196,The counter=99,Tournaments=70	70	0	0	86	low+bout
5150	5150	11	3	182	35	104	3	487	408	143	The gate=193,Tournaments=110,The counter=99	61	0	0	92	low+bout
5150	5150	12	3	313	22	61	6	363	443	63	The gate=187,The counter=88,Prize money=45	105	0	0	92	low+bout
5150	13069	1	0	60	0	0	0	58	34	32	The gate=18,Prize money=18,Tournaments=14	20	0	0	51	low+bout
5150	13069	2	1	84	1	3	0	119	109	42	The gate=46,Tournaments=28,Prize money=19	28	0	0	55	low+bout
5150	13069	3	2	201	1	3	0	135	140	37	The gate=93,The counter=20,Prize money=17	67	0	0	59	low+bout
5150	13069	4	2	240	0	0	0	142	132	47	The gate=71,Prize money=29,The counter=21	80	0	0	66	low+bout
5150	13069	5	3	183	13	39	0	181	182	46	The gate=121,The counter=42,The ground=10	61	0	0	71	low+bout
5150	13069	6	2	126	34	102	0	272	265	53	The gate=110,The counter=50,Tournaments=42	42	0	0	74	low+bout
5150	13069	7	3	99	47	141	0	329	328	54	The gate=176,The counter=99,Prize money=30	33	0	0	76	low+bout
5150	13069	8	3	123	54	158	2	400	391	63	The gate=191,The counter=88,Tournaments=50	41	0	0	86	low+bout
5150	13069	9	3	97	41	118	4	498	381	180	The gate=173,Tournaments=155,The counter=77	33	0	0	90	low+bout
5150	13069	10	3	175	23	59	6	451	536	95	The gate=183,Tournaments=100,The counter=88	59	0	0	93	low+bout
5150	13069	11	3	285	23	62	7	481	449	127	The gate=184,Tournaments=140,The counter=88	95	0	0	94	low+bout
5150	13069	12	3	133	25	67	8	474	462	139	The gate=187,Tournaments=125,The counter=88	46	0	0	94	low+bout
2718	2718	1	0	60	0	0	0	53	25	36	Prize money=20,The gate=17,Tournaments=10	20	0	0	51	low+bout
2718	2718	2	1	81	1	3	0	99	89	46	The gate=43,Prize money=25,Tournaments=14	27	0	0	53	low+bout
2718	2718	3	2	126	2	6	0	115	114	47	The gate=68,Prize money=23,The counter=16	42	0	0	56	low+bout
2718	2718	4	2	348	0	0	0	136	145	38	The gate=86,The counter=24,Prize money=15	116	0	0	62	low+bout
2718	2718	5	2	186	13	39	0	181	175	44	The gate=88,Prize money=34,Tournaments=21	62	0	0	69	low+bout
2718	2718	6	3	84	37	111	0	218	218	44	The gate=129,The counter=42,Prize money=25	28	0	0	75	low+bout
2718	2718	7	3	66	45	135	0	263	257	50	The gate=154,The counter=49,Prize money=27	22	0	0	80	low+bout
2718	2718	8	3	64	43	129	0	340	283	107	The gate=154,Tournaments=85,The counter=49	22	0	0	86	low+bout
2718	2718	9	3	243	29	87	2	390	377	120	The gate=141,Tournaments=115,The counter=60	81	0	0	89	low+bout
2718	2718	10	3	99	46	137	3	454	472	102	The gate=196,The counter=99,Tournaments=90	33	0	0	91	low+bout
2718	2718	11	3	106	43	122	5	404	429	77	The gate=172,Tournaments=90,The counter=77	36	0	0	95	low+bout
2718	2718	12	3	195	17	41	8	500	413	164	The gate=179,Tournaments=170,The counter=88	65	0	0	95	low+bout
2718	10637	1	0	57	0	0	0	55	33	30	Prize money=19,The gate=16,Tournaments=8	19	0	0	51	low+bout
2718	10637	2	1	117	3	9	0	122	111	41	The gate=50,Prize money=26,Tournaments=22	39	0	0	54	low+bout
2718	10637	3	2	318	0	0	0	125	127	39	The gate=84,The counter=20,Prize money=10	106	0	0	62	low+bout
2718	10637	4	2	195	12	36	0	177	177	39	The gate=90,Prize money=28,Tournaments=21	65	0	0	67	low+bout
2718	10637	5	2	81	39	117	0	186	179	46	The gate=92,The counter=47,Prize money=31	27	0	0	72	low+bout
2718	10637	6	3	87	44	132	0	260	262	44	The gate=158,The counter=49,Prize money=31	29	0	0	74	low+bout
2718	10637	7	3	39	38	114	1	277	266	55	The gate=152,The counter=49,Prize money=44	13	0	0	80	low+bout
2718	10637	8	3	111	36	108	1	354	347	62	The gate=154,Tournaments=70,The counter=57	37	0	0	84	low+bout
2718	10637	9	3	102	46	138	1	418	312	168	The gate=145,Tournaments=115,The counter=65	34	0	0	88	low+bout
2718	10637	10	3	186	40	114	4	414	448	134	The gate=164,Tournaments=105,The counter=66	63	0	0	95	low+bout
2718	10637	11	3	171	28	76	7	475	514	95	The gate=200,Tournaments=100,The counter=99	57	0	0	95	low+bout
2718	10637	12	3	62	25	67	8	407	354	148	The gate=167,Tournaments=110,The counter=66	21	0	0	94	low+bout
6060	6060	1	0	63	0	0	0	56	28	36	The gate=22,Prize money=20,Tournaments=8	21	0	0	50	low+bout
6060	6060	2	1	78	1	3	0	82	73	45	The gate=35,Prize money=25,The club=11	26	0	0	53	low+bout
6060	6060	3	2	159	1	3	0	131	131	45	The gate=80,The counter=22,Prize money=16	53	0	0	59	low+bout
6060	6060	4	2	144	0	0	0	135	140	40	The gate=81,Prize money=25,The counter=20	48	0	0	63	low+bout
6060	6060	5	2	213	4	12	0	179	177	42	The gate=112,Prize money=31,The counter=28	71	0	0	68	low+bout
6060	6060	6	3	141	9	27	0	232	239	35	The gate=150,The counter=37,Prize money=22	47	0	0	73	low+bout
6060	6060	7	3	78	20	60	0	213	196	52	The gate=113,The counter=54,Prize money=25	26	0	0	77	low+bout
6060	6060	8	3	93	21	63	0	281	285	48	The gate=162,The counter=56,Prize money=38	31	0	0	81	low+bout
6060	6060	9	3	99	17	51	0	283	277	54	The gate=157,The counter=49,Prize money=39	33	0	0	82	low+bout
6060	6060	10	3	83	16	48	0	399	303	150	The gate=174,Tournaments=110,The counter=63	29	0	0	86	low+bout
6060	6060	11	3	220	4	8	4	370	459	61	The gate=155,The counter=83,Tournaments=50	74	0	0	89	low+bout
6060	6060	12	3	144	24	70	5	324	323	62	The gate=175,The counter=77,Prize money=44	48	0	0	91	low+bout
6060	13979	1	0	66	0	0	0	52	34	26	Prize money=20,The gate=17,Tournaments=10	22	0	0	51	low+bout
6060	13979	2	1	87	1	3	0	65	61	30	The gate=37,Prize money=18,The counter=6	29	0	0	54	low+bout
6060	13979	3	2	147	1	3	0	122	107	45	The gate=75,The counter=20,Prize money=15	49	0	0	58	low+bout
6060	13979	4	2	165	0	0	0	130	130	45	The gate=72,The counter=20,Prize money=19	55	0	0	60	low+bout
6060	13979	5	2	219	4	12	0	140	142	43	The gate=93,The counter=20,Prize money=20	73	0	0	65	low+bout
6060	13979	6	2	243	19	57	0	190	184	49	The gate=88,Prize money=35,The counter=22	81	0	0	71	low+bout
6060	13979	7	3	165	38	114	0	271	274	46	The gate=168,The counter=63,Prize money=28	55	0	0	76	low+bout
6060	13979	8	3	124	53	159	0	394	346	94	The gate=151,Tournaments=100,The counter=83	42	0	0	84	low+bout
6060	13979	9	3	161	47	139	1	512	447	159	The gate=182,Tournaments=170,The counter=88	54	0	0	88	low+bout
6060	13979	10	3	135	40	119	2	368	454	73	The gate=173,The counter=77,Tournaments=50	46	0	0	94	low+bout
6060	13979	11	3	94	28	79	6	470	397	146	The gate=173,Tournaments=160,The counter=77	32	0	0	95	low+bout
6060	13979	12	3	123	18	50	7	501	481	166	The gate=194,Tournaments=135,The counter=99	41	0	0	95	low+bout
8123	8123	1	0	60	0	0	0	72	34	46	Tournaments=28,Prize money=20,The gate=17	20	0	0	51	low+bout
8123	8123	2	1	93	2	6	0	103	102	47	The gate=53,Tournaments=14,The counter=13	31	0	0	54	low+bout
8123	8123	3	1	135	0	0	0	107	113	41	The gate=53,Prize money=21,The counter=12	45	0	0	57	low+bout
8123	8123	4	2	204	1	3	0	169	161	49	The gate=94,The counter=32,Prize money=20	68	0	0	61	low+bout
8123	8123	5	2	171	13	39	0	174	172	51	The gate=90,The counter=35,Prize money=30	57	0	0	64	low+bout
8123	8123	6	2	300	18	54	0	247	252	46	The gate=118,The counter=42,Prize money=37	100	0	0	69	low+bout
8123	8123	7	3	207	31	93	0	249	244	51	The gate=147,The counter=42,Prize money=26	69	0	0	77	low+bout
8123	8123	8	3	114	44	132	0	337	312	76	The gate=178,The counter=63,Tournaments=40	38	0	0	82	low+bout
8123	8123	9	3	171	55	164	1	334	337	73	The gate=130,Tournaments=80,The counter=58	57	0	0	87	low+bout
8123	8123	10	3	115	55	163	1	405	389	89	The gate=173,Tournaments=85,The counter=77	39	0	0	93	low+bout
8123	8123	11	3	84	38	112	5	423	389	123	The gate=165,Tournaments=115,The counter=66	29	0	0	94	low+bout
8123	8123	12	3	115	16	42	8	481	474	130	The gate=184,Tournaments=130,The counter=88	39	0	0	94	low+bout
8123	16042	1	0	57	0	0	0	54	33	29	Prize money=19,The gate=18,Tournaments=8	19	0	0	51	low+bout
8123	16042	2	1	87	3	9	0	69	53	45	The gate=42,Prize money=14,The counter=9	29	0	0	53	low+bout
8123	16042	3	1	189	0	0	0	121	121	45	The gate=53,Tournaments=22,Prize money=20	63	0	0	58	low+bout
8123	16042	4	1	174	1	3	0	118	111	52	The gate=42,Tournaments=28,Prize money=26	58	0	0	62	low+bout
8123	16042	5	2	360	3	9	0	220	225	47	The gate=127,The counter=49,Prize money=27	120	0	0	66	low+bout
8123	16042	6	3	114	29	87	0	276	276	47	The gate=171,The counter=63,Prize money=29	38	0	0	71	low+bout
8123	16042	7	3	51	45	135	0	256	238	65	The gate=147,The counter=42,Prize money=32	17	0	0	76	low+bout
8123	16042	8	3	128	48	144	0	371	377	59	The gate=162,Tournaments=70,The counter=66	43	0	0	82	low+bout
8123	16042	9	3	102	55	165	1	410	374	95	The gate=170,The counter=87,Tournaments=85	34	0	0	87	low+bout
8123	16042	10	3	135	49	146	2	521	462	154	The gate=194,Tournaments=160,The counter=99	45	0	0	92	low+bout
8123	16042	11	3	220	42	123	5	528	512	170	The gate=198,Tournaments=150,The counter=99	74	0	0	95	low+bout
8123	16042	12	3	76	18	51	7	512	565	117	The gate=194,The counter=99,Tournaments=95	26	0	0	95	low+bout
9001	9001	1	0	0	0	0	0	43	22	29	Prize money=17,The gate=14,The club=5	0	0	0	48	spec
9001	9001	2	1	0	21	63	0	62	52	39	The gate=32,Prize money=15,The counter=6	0	0	0	50	spec
9001	9001	3	1	0	32	96	0	80	85	34	The gate=32,Prize money=20,Tournaments=14	0	0	0	54	spec
9001	9001	4	1	0	24	72	0	127	113	48	The gate=43,Prize money=23,Tournaments=22	0	0	0	55	spec
9001	9001	5	2	0	26	78	0	166	173	41	The gate=97,The counter=35,Prize money=17	0	0	0	55	spec
9001	9001	6	2	0	69	207	6	224	216	49	The gate=125,The counter=49,Prize money=26	0	27	0	61	spec
9001	9001	7	2	0	81	243	8	205	211	43	The gate=108,The counter=35,Prize money=34	0	44	0	66	spec
9001	9001	8	3	0	79	237	7	264	255	52	The gate=162,The counter=56,Prize money=31	0	47	0	70	spec
9001	9001	9	3	0	77	231	6	234	234	52	The gate=146,The counter=42,Prize money=36	0	40	0	74	spec
9001	9001	10	3	0	73	219	4	395	337	110	The gate=174,Tournaments=95,The counter=63	0	25	0	79	spec
9001	9001	11	3	0	60	180	2	273	327	56	The gate=164,The counter=56,Prize money=34	0	2	0	80	spec
9001	9001	12	3	0	65	193	6	314	293	77	The gate=145,Tournaments=60,Prize money=42	0	22	0	83	spec
9001	16920	1	0	0	0	0	0	58	32	34	Prize money=20,The gate=18,Tournaments=14	0	0	0	48	spec
9001	16920	2	1	0	21	63	0	84	91	27	The gate=37,Prize money=22,The counter=8	0	0	0	50	spec
9001	16920	3	2	0	30	90	0	130	113	44	The gate=86,The counter=28,Prize money=9	0	0	0	53	spec
9001	16920	4	1	0	45	135	1	119	133	30	The gate=55,Prize money=23,The counter=16	0	2	0	56	spec
9001	16920	5	2	0	37	111	0	183	167	46	The gate=106,The counter=49,Prize money=17	0	0	0	58	spec
9001	16920	6	2	0	48	144	1	179	174	51	The gate=97,The counter=35,Prize money=21	0	1	0	63	spec
9001	16920	7	2	0	61	183	3	235	239	47	The gate=121,The counter=42,Prize money=34	0	17	0	66	spec
9001	16920	8	3	0	58	174	2	266	269	44	The gate=166,The counter=56,Prize money=20	0	18	0	67	spec
9001	16920	9	3	0	59	177	2	248	242	50	The gate=152,The counter=49,Prize money=26	0	18	0	70	spec
9001	16920	10	3	0	61	183	4	237	239	48	The gate=154,The counter=42,Prize money=24	0	30	0	77	spec
9001	16920	11	3	0	57	171	3	282	271	59	The gate=159,The counter=49,Prize money=41	0	18	0	82	spec
9001	16920	12	3	0	55	163	6	328	321	66	The gate=141,The counter=61,Tournaments=55	0	28	0	84	spec
5150	5150	1	0	0	0	0	0	56	33	31	Prize money=18,The gate=16,Tournaments=8	0	0	0	49	spec
5150	5150	2	1	0	24	72	0	66	58	39	The gate=40,Prize money=11,The counter=9	0	0	0	51	spec
5150	5150	3	1	0	34	102	0	87	80	46	The gate=39,Prize money=20,The counter=9	0	0	0	52	spec
5150	5150	4	2	0	36	108	0	112	110	48	The gate=76,The counter=16,Prize money=7	0	0	0	55	spec
5150	5150	5	1	0	54	162	2	133	135	46	The gate=45,Tournaments=28,Prize money=23	0	12	0	60	spec
5150	5150	6	2	0	49	147	2	150	154	42	The gate=88,The counter=28,Prize money=16	0	10	0	63	spec
5150	5150	7	2	0	60	180	3	224	223	43	The gate=119,The counter=42,Prize money=31	0	26	0	67	spec
5150	5150	8	3	0	53	159	3	243	244	42	The gate=158,The counter=49,Prize money=20	0	26	0	70	spec
5150	5150	9	3	0	55	165	3	234	234	42	The gate=157,The counter=49,Prize money=17	0	21	0	76	spec
5150	5150	10	3	0	52	156	1	311	288	65	The gate=152,The counter=67,Prize money=36	0	9	0	78	spec
5150	5150	11	3	0	56	168	1	339	285	119	The gate=142,The counter=65,Tournaments=60	0	4	0	83	spec
5150	5150	12	3	0	65	193	6	461	465	115	The gate=181,Tournaments=120,The counter=88	0	24	0	85	spec
5150	13069	1	0	0	0	0	0	40	20	28	The gate=18,Prize money=14,The counter=3	0	0	0	49	spec
5150	13069	2	1	0	21	63	0	91	87	32	The gate=35,Prize money=25,The counter=9	0	0	0	51	spec
5150	13069	3	2	0	28	84	0	142	129	45	The gate=100,The counter=28,Prize money=9	0	0	0	53	spec
5150	13069	4	1	0	48	144	2	129	129	45	The gate=58,Prize money=25,The counter=16	0	5	0	58	spec
5150	13069	5	2	0	56	168	2	177	189	33	The gate=100,Prize money=27,The counter=20	0	13	0	61	spec
5150	13069	6	2	0	62	186	2	205	176	62	The gate=75,The counter=40,Tournaments=33	0	17	0	64	spec
5150	13069	7	2	0	72	216	3	253	260	55	The gate=120,The counter=75,Prize money=35	0	15	0	68	spec
5150	13069	8	3	0	66	198	2	283	286	52	The gate=163,The counter=66,Prize money=23	0	18	0	72	spec
5150	13069	9	3	0	59	177	3	314	310	56	The gate=166,The counter=77,Prize money=39	0	21	0	74	spec
5150	13069	10	3	0	55	165	1	296	294	58	The gate=160,The counter=66,Prize money=35	0	9	0	81	spec
5150	13069	11	3	0	60	180	3	403	400	61	The gate=197,The counter=99,Prize money=43	0	17	0	84	spec
5150	13069	12	3	0	51	153	4	335	334	62	The gate=160,The counter=66,Prize money=42	0	18	0	86	spec
2718	2718	1	0	0	0	0	0	53	25	36	Prize money=20,The gate=17,Tournaments=10	0	0	0	49	spec
2718	2718	2	1	0	21	63	0	94	97	33	The gate=42,Prize money=18,Tournaments=14	0	0	0	51	spec
2718	2718	3	1	0	28	84	0	69	67	35	The gate=40,The counter=14,Prize money=10	0	0	0	53	spec
2718	2718	4	1	0	51	153	0	119	114	40	The gate=60,Prize money=20,The counter=16	0	0	0	56	spec
2718	2718	5	1	0	75	225	5	131	125	46	The gate=53,Prize money=27,Tournaments=22	0	16	0	61	spec
2718	2718	6	2	0	77	231	2	199	190	55	The gate=99,The counter=35,Prize money=21	0	5	0	65	spec
2718	2718	7	2	0	56	168	0	269	275	49	The gate=132,The counter=49,Tournaments=42	0	0	0	68	spec
2718	2718	8	3	0	81	243	3	283	286	46	The gate=178,The counter=63,Prize money=21	0	22	0	73	spec
2718	2718	9	3	0	77	231	3	299	270	75	The gate=165,The counter=56,Prize money=37	0	22	0	78	spec
2718	2718	10	3	0	73	219	3	373	333	115	The gate=175,Tournaments=75,The counter=63	0	26	0	79	spec
2718	2718	11	3	0	68	202	4	341	376	80	The gate=139,Tournaments=60,The counter=59	0	22	0	81	spec
2718	2718	12	3	0	73	217	5	459	389	150	The gate=188,Tournaments=125,The counter=88	0	35	0	86	spec
2718	10637	1	0	0	0	0	0	55	33	30	Prize money=19,The gate=16,Tournaments=8	0	0	0	49	spec
2718	10637	2	1	0	22	66	0	105	94	41	The gate=44,Prize money=21,Tournaments=16	0	0	0	52	spec
2718	10637	3	2	0	36	108	0	116	111	46	The gate=81,The counter=20,The club=6	0	0	0	54	spec
2718	10637	4	1	0	72	216	7	96	105	37	The gate=55,Prize money=20,The counter=16	0	36	0	60	spec
2718	10637	5	2	0	67	201	2	183	174	46	The gate=81,The counter=36,Prize money=32	0	14	0	64	spec
2718	10637	6	3	0	66	198	2	217	222	41	The gate=140,The counter=42,Prize money=15	0	18	0	66	spec
2718	10637	7	3	0	68	204	2	241	242	40	The gate=149,The counter=56,Prize money=19	0	17	0	72	spec
2718	10637	8	3	0	58	174	1	319	304	55	The gate=171,The counter=56,Prize money=35	0	9	0	75	spec
2718	10637	9	3	0	62	186	1	263	256	62	The gate=125,The counter=46,Prize money=43	0	9	0	79	spec
2718	10637	10	3	0	55	165	1	334	336	60	The gate=159,The counter=66,Prize money=41	0	8	0	86	spec
2718	10637	11	3	0	53	159	1	507	419	148	The gate=187,Tournaments=160,The counter=88	0	4	0	90	spec
2718	10637	12	3	0	61	182	5	468	478	138	The gate=185,Tournaments=130,The counter=88	0	24	0	92	spec
6060	6060	1	0	0	0	0	0	55	28	35	The gate=20,Prize money=17,Tournaments=12	0	0	0	48	spec
6060	6060	2	1	0	22	66	0	92	101	26	The gate=36,Prize money=25,The club=11	0	0	0	51	spec
6060	6060	3	2	0	26	78	0	116	110	32	The gate=68,The counter=16,Prize money=13	0	0	0	54	spec
6060	6060	4	2	0	39	117	0	149	140	41	The gate=81,The counter=36,Prize money=16	0	0	0	57	spec
6060	6060	5	2	0	43	129	1	163	163	41	The gate=97,The counter=35,Prize money=18	0	2	0	61	spec
6060	6060	6	2	0	51	153	3	207	202	46	The gate=118,The counter=49,Prize money=25	0	9	0	61	spec
6060	6060	7	2	0	60	180	3	171	167	50	The gate=101,The counter=28,Prize money=25	0	15	0	61	spec
6060	6060	8	2	0	54	162	3	187	195	42	The gate=111,The counter=35,Prize money=29	0	21	0	65	spec
6060	6060	9	3	0	50	150	3	257	260	39	The gate=161,The counter=56,Prize money=22	0	22	0	72	spec
6060	6060	10	3	0	49	147	1	257	244	52	The gate=150,The counter=42,Prize money=30	0	8	0	78	spec
6060	6060	11	3	0	37	110	2	361	290	123	Tournaments=130,The gate=117,The counter=47	0	4	0	82	spec
6060	6060	12	3	0	31	91	3	482	499	106	The gate=192,Tournaments=120,The counter=99	0	4	0	84	spec
6060	13979	1	0	0	0	0	0	54	34	28	Prize money=18,The gate=17,Tournaments=14	0	0	0	49	spec
6060	13979	2	1	0	23	69	0	58	54	32	The gate=34,Prize money=15,The counter=6	0	0	0	52	spec
6060	13979	3	1	0	26	78	0	109	94	47	The gate=40,Prize money=25,Tournaments=22	0	0	0	54	spec
6060	13979	4	2	0	24	72	0	173	178	42	The gate=109,The counter=28,Prize money=21	0	0	0	55	spec
6060	13979	5	2	0	48	144	1	156	151	47	The gate=107,The counter=24,Prize money=19	0	1	0	58	spec
6060	13979	6	2	0	64	192	3	171	177	41	The gate=111,The counter=28,Prize money=21	0	11	0	63	spec
6060	13979	7	2	0	84	252	4	220	215	46	The gate=91,Tournaments=42,The counter=40	0	28	0	67	spec
6060	13979	8	3	0	74	222	4	264	253	57	The gate=168,The counter=63,Prize money=13	0	30	0	71	spec
6060	13979	9	2	0	65	195	3	269	280	46	The gate=122,The counter=49,Tournaments=42	0	17	0	75	spec
6060	13979	10	3	0	75	225	3	279	271	54	The gate=170,The counter=56,Prize money=30	0	22	0	79	spec
6060	13979	11	3	0	75	225	3	272	271	55	The gate=148,The counter=42,Prize money=36	0	22	0	84	spec
6060	13979	12	3	0	55	165	3	332	290	97	The gate=156,Tournaments=65,The counter=49	0	13	0	86	spec
8123	8123	1	0	0	0	0	0	45	20	33	The gate=17,Prize money=17,Tournaments=6	0	0	0	49	spec
8123	8123	2	1	0	22	66	0	72	61	44	The gate=40,Prize money=13,The counter=9	0	0	0	51	spec
8123	8123	3	1	0	28	84	0	91	96	39	The gate=37,Prize money=26,Tournaments=14	0	0	0	54	spec
8123	8123	4	2	0	36	108	0	143	134	48	The gate=93,The counter=24,The club=11	0	0	0	57	spec
8123	8123	5	1	0	57	171	4	106	106	48	The gate=33,Prize money=27,Tournaments=20	0	17	0	60	spec
8123	8123	6	2	0	42	126	2	174	177	45	The gate=108,The counter=35,Prize money=21	0	5	0	63	spec
8123	8123	7	2	0	78	234	4	200	195	50	The gate=117,The counter=42,Prize money=30	0	13	0	68	spec
8123	8123	8	2	0	75	225	6	229	222	57	The gate=102,The counter=37,Prize money=35	0	29	0	72	spec
8123	8123	9	3	0	72	216	4	330	336	51	The gate=183,The counter=99,Prize money=23	0	24	0	77	spec
8123	8123	10	3	0	66	198	2	322	300	73	The gate=174,The counter=77,Prize money=35	0	17	0	81	spec
8123	8123	11	3	0	59	177	4	352	346	79	The gate=160,The counter=66,Tournaments=50	0	26	0	85	spec
8123	8123	12	3	0	44	130	3	424	448	55	The gate=197,The counter=99,Tournaments=50	0	18	0	87	spec
8123	16042	1	0	0	0	0	0	50	19	39	Prize money=19,The gate=18,Tournaments=6	0	0	0	49	spec
8123	16042	2	1	0	22	66	0	65	73	31	The gate=41,Prize money=14,The counter=6	0	0	0	52	spec
8123	16042	3	1	0	28	84	0	115	109	37	The gate=45,Prize money=22,Tournaments=22	0	0	0	54	spec
8123	16042	4	2	0	52	156	1	150	141	46	The gate=102,The counter=28,Prize money=9	0	1	0	58	spec
8123	16042	5	1	0	81	243	6	138	135	49	The gate=57,Tournaments=28,Prize money=26	0	30	0	61	spec
8123	16042	6	2	0	73	219	2	172	170	51	The gate=98,The counter=42,Prize money=22	0	14	0	66	spec
8123	16042	7	2	0	70	210	3	188	185	54	The gate=111,The counter=35,Prize money=24	0	12	0	69	spec
8123	16042	8	2	0	61	183	1	248	252	50	The gate=121,The counter=42,Prize money=39	0	9	0	72	spec
8123	16042	9	3	0	80	240	5	235	239	46	The gate=149,The counter=42,Prize money=29	0	31	0	77	spec
8123	16042	10	3	0	81	243	3	355	284	117	The gate=152,Tournaments=95,The counter=49	0	21	0	83	spec
8123	16042	11	3	0	74	221	4	365	359	123	Tournaments=130,The gate=122,The counter=47	0	17	0	87	spec
8123	16042	12	3	0	70	208	4	466	465	124	The gate=182,Tournaments=110,The counter=88	0	21	0	89	spec
9001	9001	1	0	57	0	0	0	43	22	29	Prize money=17,The gate=14,The club=5	19	0	0	50	spec+bout
9001	9001	2	1	99	2	6	0	63	52	40	The gate=33,Prize money=15,The counter=6	33	0	0	52	spec+bout
9001	9001	3	1	78	1	3	0	88	85	43	The gate=32,Tournaments=22,Prize money=20	26	0	0	56	spec+bout
9001	9001	4	1	108	0	0	0	144	144	43	The gate=57,Tournaments=28,Prize money=27	36	0	0	57	spec+bout
9001	9001	5	2	123	0	0	0	146	158	31	The gate=96,The counter=20,The ground=12	41	0	0	60	spec+bout
9001	9001	6	1	174	0	0	0	131	115	47	The gate=51,Tournaments=28,The counter=26	58	0	0	66	spec+bout
9001	9001	7	1	198	2	6	0	163	168	42	The gate=71,The counter=28,Tournaments=28	66	0	0	70	spec+bout
9001	9001	8	2	258	7	21	0	191	188	45	The gate=110,The counter=35,Prize money=30	86	0	0	72	spec+bout
9001	9001	9	3	252	24	72	0	267	257	55	The gate=168,The counter=56,Prize money=32	84	0	0	79	spec+bout
9001	9001	10	3	180	24	72	0	343	327	71	The gate=143,Tournaments=65,The counter=61	60	0	0	87	spec+bout
9001	9001	11	3	212	25	73	1	355	362	64	The gate=152,Tournaments=70,The counter=66	71	0	0	91	spec+bout
9001	9001	12	3	146	38	114	3	483	383	164	The gate=175,Tournaments=150,The counter=77	49	0	0	94	spec+bout
9001	16920	1	0	57	0	0	0	58	32	34	Prize money=20,The gate=18,Tournaments=14	19	0	0	50	spec+bout
9001	16920	2	1	90	2	6	0	92	100	26	The gate=37,Prize money=22,Tournaments=14	30	0	0	52	spec+bout
9001	16920	3	2	156	4	12	0	137	127	36	The gate=89,The counter=28,Prize money=13	52	0	0	57	spec+bout
9001	16920	4	2	153	0	0	0	170	165	41	The gate=89,Prize money=25,The counter=24	51	0	0	62	spec+bout
9001	16920	5	2	225	2	6	0	196	190	47	The gate=107,The counter=48,Prize money=21	75	0	0	67	spec+bout
9001	16920	6	2	255	22	66	0	269	269	47	The gate=131,The counter=49,Prize money=35	85	0	0	72	spec+bout
9001	16920	7	3	160	33	99	0	274	259	62	The gate=146,The counter=42,Prize money=33	54	0	0	78	spec+bout
9001	16920	8	3	42	45	135	1	268	259	71	The gate=149,The counter=42,Prize money=33	14	0	0	77	spec+bout
9001	16920	9	3	147	48	144	1	336	330	77	The gate=135,The counter=68,Tournaments=60	49	0	0	82	spec+bout
9001	16920	10	3	141	59	175	2	454	441	90	The gate=190,Tournaments=100,The counter=99	47	0	0	90	spec+bout
9001	16920	11	3	92	50	146	3	472	405	157	Tournaments=170,The gate=164,The counter=66	31	0	0	93	spec+bout
9001	16920	12	3	144	36	105	5	410	475	92	The gate=162,Tournaments=100,The counter=66	48	0	0	94	spec+bout
5150	5150	1	0	60	0	0	0	53	33	28	Prize money=18,The gate=16,The club=6	20	0	0	51	spec+bout
5150	5150	2	1	84	4	12	0	66	51	43	The gate=40,Prize money=11,The counter=9	28	0	0	54	spec+bout
5150	5150	3	1	102	0	0	0	101	97	47	The gate=42,Prize money=22,Tournaments=16	34	0	0	55	spec+bout
5150	5150	4	2	195	2	6	0	123	129	41	The gate=82,The counter=16,Prize money=12	65	0	0	59	spec+bout
5150	5150	5	2	264	2	6	0	199	208	32	The gate=112,Prize money=31,The counter=28	88	0	0	65	spec+bout
5150	5150	6	2	165	17	51	0	183	160	55	The gate=81,The counter=33,Prize money=31	55	0	0	70	spec+bout
5150	5150	7	2	130	27	81	0	240	242	53	The gate=109,Tournaments=42,Prize money=36	44	0	0	76	spec+bout
5150	5150	8	3	246	26	78	1	308	295	66	The gate=178,The counter=63,Prize money=41	82	0	0	80	spec+bout
5150	5150	9	3	102	41	123	1	455	360	161	The gate=161,Tournaments=150,The counter=83	34	0	0	85	spec+bout
5150	5150	10	3	155	48	143	1	397	481	77	The gate=174,The counter=77,Tournaments=55	53	0	0	90	spec+bout
5150	5150	11	3	237	31	93	4	516	428	165	The gate=191,Tournaments=140,The counter=99	81	0	0	95	spec+bout
5150	5150	12	3	55	19	53	9	518	509	174	The gate=186,Tournaments=170,The counter=88	19	0	0	95	spec+bout
5150	13069	1	0	60	0	0	0	58	34	32	The gate=18,Prize money=18,Tournaments=14	20	0	0	51	spec+bout
5150	13069	2	1	84	1	3	0	119	109	42	The gate=46,Tournaments=28,Prize money=19	28	0	0	55	spec+bout
5150	13069	3	2	201	1	3	0	135	140	37	The gate=93,The counter=20,Prize money=17	67	0	0	59	spec+bout
5150	13069	4	2	240	0	0	0	142	132	47	The gate=71,Prize money=29,The counter=21	80	0	0	66	spec+bout
5150	13069	5	3	180	13	39	0	181	182	46	The gate=121,The counter=42,The ground=10	60	0	0	70	spec+bout
5150	13069	6	2	126	34	102	0	272	265	53	The gate=110,The counter=50,Tournaments=42	42	0	0	74	spec+bout
5150	13069	7	3	117	41	123	0	329	328	54	The gate=176,The counter=99,Prize money=30	39	0	0	76	spec+bout
5150	13069	8	3	129	45	135	2	400	391	63	The gate=191,The counter=88,Tournaments=50	43	0	0	86	spec+bout
5150	13069	9	3	92	38	109	4	477	381	159	The gate=173,Tournaments=155,The counter=77	31	0	0	90	spec+bout
5150	13069	10	3	216	21	55	6	468	542	85	The gate=183,Tournaments=100,The counter=88	72	0	0	93	spec+bout
5150	13069	11	3	223	30	84	6	481	439	127	The gate=184,Tournaments=140,The counter=88	75	0	0	94	spec+bout
5150	13069	12	3	140	26	73	8	474	461	140	The gate=187,Tournaments=125,The counter=88	48	0	0	95	spec+bout
2718	2718	1	0	60	0	0	0	53	25	36	Prize money=20,The gate=17,Tournaments=10	20	0	0	51	spec+bout
2718	2718	2	1	81	1	3	0	99	89	46	The gate=43,Prize money=25,Tournaments=14	27	0	0	53	spec+bout
2718	2718	3	2	126	2	6	0	115	114	47	The gate=68,Prize money=23,The counter=16	42	0	0	56	spec+bout
2718	2718	4	2	342	0	0	0	136	144	39	The gate=86,The counter=24,Prize money=15	114	0	0	62	spec+bout
2718	2718	5	2	186	15	45	0	159	156	42	The gate=93,Prize money=34,The counter=20	62	0	0	69	spec+bout
2718	2718	6	3	69	45	135	0	185	184	43	The gate=114,Prize money=25,The counter=24	23	0	0	76	spec+bout
2718	2718	7	3	69	45	135	0	247	239	51	The gate=144,The counter=49,Prize money=27	23	0	0	81	spec+bout
2718	2718	8	3	56	42	126	0	333	271	113	The gate=132,Tournaments=85,The counter=57	19	0	0	85	spec+bout
2718	2718	9	3	231	34	101	2	406	428	91	The gate=171,Tournaments=85,The counter=77	77	0	0	89	spec+bout
2718	2718	10	3	104	52	156	2	428	387	132	The gate=180,Tournaments=90,The counter=88	35	0	0	91	spec+bout
2718	2718	11	3	122	49	140	5	427	504	55	The gate=195,The counter=99,Tournaments=70	42	0	0	95	spec+bout
2718	2718	12	3	55	20	50	9	515	413	157	The gate=190,Tournaments=160,The counter=99	19	0	0	95	spec+bout
2718	10637	1	0	57	0	0	0	55	33	30	Prize money=19,The gate=16,Tournaments=8	19	0	0	51	spec+bout
2718	10637	2	1	117	3	9	0	122	111	41	The gate=50,Prize money=26,Tournaments=22	39	0	0	54	spec+bout
2718	10637	3	2	312	0	0	0	125	127	39	The gate=84,The counter=20,Prize money=10	104	0	0	62	spec+bout
2718	10637	4	2	189	14	42	0	177	177	39	The gate=90,Prize money=28,Tournaments=21	63	0	0	67	spec+bout
2718	10637	5	2	75	42	126	0	186	175	50	The gate=92,The counter=47,Prize money=31	25	0	0	72	spec+bout
2718	10637	6	3	162	44	132	0	260	265	45	The gate=158,The counter=49,Prize money=31	54	0	0	74	spec+bout
2718	10637	7	3	87	40	119	1	277	264	58	The gate=152,The counter=49,Prize money=44	29	0	0	80	spec+bout
2718	10637	8	3	144	43	129	1	358	354	62	The gate=154,Tournaments=70,The counter=57	48	0	0	83	spec+bout
2718	10637	9	3	99	49	147	1	337	310	89	The gate=145,The counter=65,Tournaments=55	33	0	0	88	spec+bout
2718	10637	10	3	186	41	116	4	458	422	125	The gate=166,Tournaments=130,The counter=66	62	0	0	92	spec+bout
2718	10637	11	3	116	44	129	5	446	454	117	The gate=174,Tournaments=120,The counter=77	40	0	0	94	spec+bout
2718	10637	12	3	46	24	65	9	493	484	126	The gate=198,Tournaments=130,The counter=99	16	0	0	94	spec+bout
6060	6060	1	0	63	0	0	0	56	28	36	The gate=22,Prize money=20,Tournaments=8	21	0	0	50	spec+bout
6060	6060	2	1	81	1	3	0	82	73	45	The gate=35,Prize money=25,The club=11	27	0	0	54	spec+bout
6060	6060	3	2	159	0	0	0	131	132	44	The gate=80,The counter=22,Prize money=16	53	0	0	59	spec+bout
6060	6060	4	2	144	0	0	0	135	138	41	The gate=81,Prize money=25,The counter=20	48	0	0	63	spec+bout
6060	6060	5	2	210	4	12	0	179	183	37	The gate=112,Prize money=31,The counter=28	70	0	0	68	spec+bout
6060	6060	6	3	129	11	33	0	229	226	40	The gate=133,The counter=52,Prize money=23	43	0	0	72	spec+bout
6060	6060	7	3	69	21	63	0	249	246	43	The gate=146,The counter=61,Prize money=20	23	0	0	76	spec+bout
6060	6060	8	3	87	24	72	0	289	275	57	The gate=169,The counter=56,Prize money=38	29	0	0	80	spec+bout
6060	6060	9	3	199	19	57	0	286	285	58	The gate=159,The counter=49,Prize money=39	67	0	0	84	spec+bout
6060	6060	10	3	83	38	111	1	316	313	61	The gate=173,The counter=63,Prize money=42	28	0	0	88	spec+bout
6060	6060	11	3	159	25	68	5	392	390	63	The gate=157,The counter=83,Tournaments=70	53	0	0	89	spec+bout
6060	6060	12	3	149	24	66	5	394	323	134	The gate=175,The counter=77,Tournaments=70	50	0	0	92	spec+bout
6060	13979	1	0	66	0	0	0	52	34	26	Prize money=20,The gate=17,Tournaments=10	22	0	0	51	spec+bout
6060	13979	2	1	87	1	3	0	65	61	30	The gate=37,Prize money=18,The counter=6	29	0	0	54	spec+bout
6060	13979	3	2	144	1	3	0	122	107	45	The gate=75,The counter=20,Prize money=15	48	0	0	58	spec+bout
6060	13979	4	2	165	1	3	0	130	130	45	The gate=72,The counter=20,Prize money=19	55	0	0	60	spec+bout
6060	13979	5	2	216	3	9	0	140	141	44	The gate=93,The counter=20,Prize money=20	72	0	0	65	spec+bout
6060	13979	6	2	267	15	45	0	191	187	48	The gate=88,Prize money=35,The counter=22	89	0	0	70	spec+bout
6060	13979	7	3	201	31	93	0	253	257	44	The gate=154,The counter=63,Prize money=24	67	0	0	76	spec+bout
6060	13979	8	3	123	53	159	0	380	333	91	The gate=153,Tournaments=85,The counter=83	41	0	0	82	spec+bout
6060	13979	9	3	152	53	158	1	379	398	72	The gate=160,Tournaments=80,The counter=66	51	0	0	87	spec+bout
6060	13979	10	3	141	46	137	2	411	358	125	The gate=166,Tournaments=110,The counter=66	47	0	0	92	spec+bout
6060	13979	11	3	162	42	125	5	421	484	62	The gate=195,The counter=99,Tournaments=70	55	0	0	94	spec+bout
6060	13979	12	3	90	18	49	7	467	370	159	Tournaments=170,The gate=164,The counter=66	30	0	0	94	spec+bout
8123	8123	1	0	60	0	0	0	72	34	46	Tournaments=28,Prize money=20,The gate=17	20	0	0	51	spec+bout
8123	8123	2	1	93	2	6	0	103	102	47	The gate=53,Tournaments=14,The counter=13	31	0	0	54	spec+bout
8123	8123	3	1	135	0	0	0	107	113	41	The gate=53,Prize money=21,The counter=12	45	0	0	57	spec+bout
8123	8123	4	2	201	1	3	0	169	161	49	The gate=94,The counter=32,Prize money=20	67	0	0	61	spec+bout
8123	8123	5	2	177	14	42	0	174	173	50	The gate=90,The counter=35,Prize money=30	59	0	0	65	spec+bout
8123	8123	6	2	231	17	51	0	240	249	41	The gate=118,The counter=42,Prize money=37	77	0	0	69	spec+bout
8123	8123	7	3	111	36	108	0	238	234	45	The gate=147,The counter=42,The club=24	37	0	0	74	spec+bout
8123	8123	8	3	75	45	135	0	289	284	50	The gate=177,The counter=63,Prize money=31	25	0	0	78	spec+bout
8123	8123	9	3	108	52	156	0	309	302	57	The gate=149,Tournaments=55,The counter=49	36	0	0	83	spec+bout
8123	8123	10	3	109	48	144	0	369	299	127	The gate=155,Tournaments=105,The counter=49	37	0	0	89	spec+bout
8123	8123	11	3	61	42	124	3	479	444	162	Tournaments=170,The gate=150,The counter=84	21	0	0	93	spec+bout
8123	8123	12	3	142	27	75	7	528	522	168	The gate=185,Tournaments=170,The counter=88	48	0	0	94	spec+bout
8123	16042	1	0	57	0	0	0	54	33	29	Prize money=19,The gate=18,Tournaments=8	19	0	0	51	spec+bout
8123	16042	2	1	87	3	9	0	69	53	45	The gate=42,Prize money=14,The counter=9	29	0	0	54	spec+bout
8123	16042	3	1	189	0	0	0	121	121	45	The gate=53,Tournaments=22,Prize money=20	63	0	0	58	spec+bout
8123	16042	4	1	156	1	3	0	122	117	50	The gate=42,Tournaments=28,Prize money=26	52	0	0	62	spec+bout
8123	16042	5	2	357	2	6	0	220	223	47	The gate=127,The counter=49,Prize money=27	119	0	0	66	spec+bout
8123	16042	6	3	138	28	84	0	276	275	48	The gate=171,The counter=63,Prize money=29	46	0	0	71	spec+bout
8123	16042	7	3	51	43	129	0	232	228	52	The gate=147,The counter=42,Prize money=28	17	0	0	76	spec+bout
8123	16042	8	3	137	45	135	0	333	325	60	The gate=163,The counter=66,Prize money=41	46	0	0	82	spec+bout
8123	16042	9	3	66	54	162	1	349	292	117	The gate=150,The counter=65,Tournaments=65	22	0	0	87	spec+bout
8123	16042	10	3	177	46	137	2	405	394	128	The gate=167,Tournaments=90,The counter=77	59	0	0	92	spec+bout
8123	16042	11	3	106	35	100	5	476	443	161	Tournaments=170,The gate=167,The counter=66	36	0	0	94	spec+bout
8123	16042	12	3	137	22	61	7	403	499	65	The gate=194,The counter=99,Prize money=44	47	0	0	95	spec+bout
9001	9001	1	0	0	0	0	0	43	26	25	Prize money=17,The gate=14,The club=5	0	0	2	48	auto+harness
9001	9001	2	1	0	21	63	0	63	65	23	The gate=33,Prize money=15,The counter=6	0	0	19	50	auto+harness
9001	9001	3	1	0	32	96	0	87	86	24	The gate=44,Prize money=20,Tournaments=14	0	0	24	53	auto+harness
9001	9001	4	1	0	24	72	0	125	119	30	The gate=44,Tournaments=28,Prize money=25	0	0	34	53	auto+harness
9001	9001	5	2	0	25	75	0	146	140	36	The gate=97,The counter=20,Prize money=17	0	0	68	54	auto+harness
9001	9001	6	2	0	37	111	1	161	167	30	The gate=96,Prize money=33,The counter=20	0	1	76	60	auto+harness
9001	9001	7	3	0	48	144	1	196	199	27	The gate=146,The counter=28,The club=11	0	1	60	63	auto+harness
9001	9001	8	2	0	59	176	5	159	156	30	The gate=84,Prize money=22,The counter=21	0	17	0	65	auto+harness
9001	9001	9	2	0	52	139	3	156	163	23	The gate=79,Prize money=35,The counter=26	0	13	0	68	auto+harness
9001	9001	10	3	0	37	90	1	275	281	17	The gate=167,The counter=56,Prize money=28	0	8	104	70	auto+harness
9001	9001	11	3	0	43	88	2	274	256	35	The gate=178,The counter=63,Prize money=12	0	13	70	68	auto+harness
9001	9001	12	2	0	43	65	2	216	226	25	The gate=117,The counter=49,Prize money=33	0	12	76	69	auto+harness
9001	16920	1	0	0	0	0	0	58	42	24	Prize money=20,The gate=18,Tournaments=14	0	0	6	48	auto+harness
9001	16920	2	1	0	21	63	0	80	78	26	The gate=35,Prize money=22,The counter=9	0	0	15	48	auto+harness
9001	16920	3	2	0	33	99	0	117	109	34	The gate=80,The counter=21,Prize money=9	0	0	24	51	auto+harness
9001	16920	4	1	0	35	105	0	103	116	21	The gate=34,Tournaments=28,Prize money=26	0	0	54	54	auto+harness
9001	16920	5	2	0	32	96	0	145	142	24	The gate=98,The counter=20,Prize money=15	0	0	54	55	auto+harness
9001	16920	6	2	0	37	111	0	177	169	32	The gate=111,The counter=28,Prize money=22	0	0	42	61	auto+harness
9001	16920	7	2	0	35	104	0	152	147	37	The gate=99,Prize money=21,The counter=20	0	0	48	61	auto+harness
9001	16920	8	2	0	34	100	0	172	172	37	The gate=106,The counter=29,Prize money=15	0	0	62	63	auto+harness
9001	16920	9	2	0	36	107	0	183	185	35	The gate=87,The counter=46,Prize money=28	0	0	84	66	auto+harness
9001	16920	10	3	0	32	92	0	267	269	33	The gate=174,The counter=63,Prize money=13	0	0	74	68	auto+harness
9001	16920	11	2	0	42	104	2	202	209	26	The gate=102,The counter=35,Prize money=35	0	7	6	71	auto+harness
9001	16920	12	3	0	56	125	1	233	243	16	The gate=148,The counter=42,Prize money=27	0	4	14	74	auto+harness
5150	5150	1	0	0	0	0	0	54	33	29	Prize money=18,The gate=17,Tournaments=8	0	0	10	49	auto+harness
5150	5150	2	1	0	24	72	0	56	64	21	The gate=35,Prize money=11,The counter=6	0	0	6	52	auto+harness
5150	5150	3	1	0	25	75	0	77	70	28	The gate=33,Prize money=20,Tournaments=8	0	0	21	51	auto+harness
5150	5150	4	2	0	23	69	0	96	99	25	The gate=68,The counter=12,Prize money=7	0	0	46	53	auto+harness
5150	5150	5	1	0	28	84	0	113	118	20	The gate=47,Prize money=24,Tournaments=22	0	0	28	57	auto+harness
5150	5150	6	2	0	27	81	0	125	112	33	The gate=85,The counter=16,Prize money=14	0	0	34	59	auto+harness
5150	5150	7	2	0	45	132	0	116	112	37	The gate=84,The counter=16,Prize money=11	0	0	28	61	auto+harness
5150	5150	8	1	0	52	153	0	125	137	25	The gate=52,Tournaments=28,Prize money=26	0	0	56	60	auto+harness
5150	5150	9	2	0	42	124	0	138	127	36	The gate=90,Prize money=22,The counter=20	0	0	34	62	auto+harness
5150	5150	10	2	0	56	156	2	177	177	36	The gate=87,Prize money=34,The counter=22	0	3	34	68	auto+harness
5150	5150	11	3	0	56	109	2	251	261	26	The gate=155,The counter=56,Prize money=17	0	2	88	70	auto+harness
5150	5150	12	3	0	38	60	0	233	245	14	The gate=149,The counter=49,Prize money=17	0	0	20	73	auto+harness
5150	13069	1	0	0	0	0	0	40	24	24	The gate=18,Prize money=14,The counter=3	0	0	2	49	auto+harness
5150	13069	2	1	0	21	63	0	88	87	25	The gate=35,Prize money=25,The counter=9	0	0	21	51	auto+harness
5150	13069	3	2	0	27	79	0	119	122	22	The gate=83,The counter=22,Prize money=9	0	0	32	53	auto+harness
5150	13069	4	1	0	33	99	0	136	136	22	The gate=48,Tournaments=28,Prize money=23	0	0	28	57	auto+harness
5150	13069	5	2	0	21	63	0	196	191	27	The gate=113,The counter=49,Prize money=15	0	0	90	58	auto+harness
5150	13069	6	2	0	37	109	0	181	170	38	The gate=101,The counter=35,Prize money=27	0	0	40	58	auto+harness
5150	13069	7	3	0	34	98	0	217	223	32	The gate=149,The counter=42,The ground=11	0	0	60	60	auto+harness
5150	13069	8	2	0	31	88	0	159	177	14	The gate=91,The counter=28,Prize money=21	0	0	56	64	auto+harness
5150	13069	9	2	0	39	106	1	164	163	15	The gate=96,The counter=28,Prize money=23	0	1	54	63	auto+harness
5150	13069	10	2	0	37	92	0	175	164	26	The gate=99,The counter=28,Prize money=28	0	0	42	66	auto+harness
5150	13069	11	2	0	30	74	0	266	256	36	The gate=133,The counter=49,Prize money=35	0	0	0	71	auto+harness
5150	13069	12	2	0	32	72	0	201	207	30	The gate=100,Prize money=34,The counter=28	0	0	28	72	auto+harness
2718	2718	1	0	0	0	0	0	53	35	26	Prize money=20,The gate=17,Tournaments=10	0	0	6	49	auto+harness
2718	2718	2	1	0	21	63	0	85	90	21	The gate=39,Prize money=23,The counter=8	0	0	9	49	auto+harness
2718	2718	3	2	0	30	88	0	98	96	23	The gate=68,Prize money=13,The counter=12	0	0	36	50	auto+harness
2718	2718	4	2	0	41	120	0	117	115	25	The gate=78,The counter=15,Prize money=14	0	0	46	55	auto+harness
2718	2718	5	2	0	35	103	0	110	107	28	The gate=65,The counter=18,Prize money=15	0	0	42	59	auto+harness
2718	2718	6	2	0	32	96	0	168	166	30	The gate=99,The counter=28,Prize money=24	0	0	70	60	auto+harness
2718	2718	7	2	0	39	99	0	172	182	20	The gate=108,The counter=28,Prize money=17	0	0	42	63	auto+harness
2718	2718	8	2	0	37	95	0	185	179	26	The gate=88,The counter=44,Prize money=34	0	0	84	68	auto+harness
2718	2718	9	3	0	28	62	0	271	277	20	The gate=179,The counter=63,Prize money=17	0	0	18	69	auto+harness
2718	2718	10	3	0	29	75	0	242	234	28	The gate=149,The counter=42,Prize money=27	0	0	54	68	auto+harness
2718	2718	11	3	0	39	83	0	278	261	45	The gate=170,The counter=56,Prize money=30	0	0	14	70	auto+harness
2718	2718	12	3	0	34	60	0	257	270	32	The gate=165,The counter=56,Prize money=26	0	0	56	72	auto+harness
2718	10637	1	0	0	0	0	0	53	33	28	Prize money=19,The gate=16,Tournaments=8	0	0	10	49	auto+harness
2718	10637	2	1	0	22	66	0	96	96	28	The gate=42,Prize money=21,Tournaments=16	0	0	27	52	auto+harness
2718	10637	3	2	0	26	78	0	98	105	21	The gate=70,The counter=15,The club=6	0	0	48	54	auto+harness
2718	10637	4	1	0	49	147	0	76	75	22	The gate=39,Prize money=20,The counter=12	0	0	12	57	auto+harness
2718	10637	5	2	0	26	78	0	178	181	19	The gate=100,Prize money=32,The counter=28	0	0	104	58	auto+harness
2718	10637	6	3	0	42	126	0	183	178	24	The gate=134,The counter=24,The club=11	0	0	58	57	auto+harness
2718	10637	7	2	0	41	121	1	142	159	7	The gate=83,Prize money=22,The counter=20	0	1	14	64	auto+harness
2718	10637	8	2	0	39	115	0	202	189	20	The gate=89,The counter=41,Prize money=34	0	0	84	69	auto+harness
2718	10637	9	2	0	33	93	0	224	213	31	The gate=110,Prize money=36,The counter=35	0	0	56	68	auto+harness
2718	10637	10	3	0	35	95	0	257	259	29	The gate=151,The counter=42,Prize money=30	0	0	28	70	auto+harness
2718	10637	11	3	0	35	81	0	285	264	50	The gate=147,The counter=42,Prize money=39	0	0	0	75	auto+harness
2718	10637	12	3	0	36	62	0	282	304	28	The gate=179,The counter=63,Prize money=27	0	0	0	76	auto+harness
6060	6060	1	0	0	0	0	0	55	38	25	The gate=20,Prize money=17,Tournaments=12	0	0	6	48	auto+harness
6060	6060	2	1	0	22	66	0	89	94	20	The gate=36,Prize money=25,The club=11	0	0	21	50	auto+harness
6060	6060	3	2	0	25	75	0	106	106	20	The gate=68,Prize money=13,The counter=12	0	0	24	54	auto+harness
6060	6060	4	2	0	34	102	0	127	119	28	The gate=78,The counter=23,Prize money=16	0	0	62	57	auto+harness
6060	6060	5	2	0	24	72	0	141	152	17	The gate=89,The counter=20,Prize money=18	0	0	40	58	auto+harness
6060	6060	6	2	0	35	97	0	152	138	31	The gate=71,The counter=41,Prize money=24	0	0	42	58	auto+harness
6060	6060	7	2	0	29	87	0	162	150	43	The gate=90,The counter=28,Prize money=26	0	0	48	60	auto+harness
6060	6060	8	2	0	32	96	1	201	202	42	The gate=125,The counter=42,Prize money=21	0	1	56	64	auto+harness
6060	6060	9	2	0	49	144	4	248	248	42	The gate=130,The counter=49,Prize money=35	0	11	84	64	auto+harness
6060	6060	10	3	0	49	130	1	268	286	24	The gate=169,The counter=56,Prize money=28	0	2	18	71	auto+harness
6060	6060	11	3	0	54	123	2	251	243	32	The gate=144,The counter=42,Prize money=35	0	7	0	76	auto+harness
6060	6060	12	3	0	49	99	2	342	328	46	The gate=134,The counter=70,Tournaments=70	0	8	48	77	auto+harness
6060	13979	1	0	0	0	0	0	55	35	28	The gate=18,Prize money=18,Tournaments=14	0	0	4	49	auto+harness
6060	13979	2	1	0	23	69	0	55	61	22	The gate=32,Prize money=15,The counter=6	0	0	9	52	auto+harness
6060	13979	3	1	0	25	75	0	98	96	24	The gate=35,Prize money=25,Tournaments=22	0	0	24	54	auto+harness
6060	13979	4	2	0	21	63	0	148	155	17	The gate=92,The counter=21,Prize money=21	0	0	74	55	auto+harness
6060	13979	5	2	0	34	102	0	118	114	21	The gate=76,The counter=24,Prize money=13	0	0	48	56	auto+harness
6060	13979	6	2	0	29	81	0	134	126	29	The gate=83,The counter=20,Prize money=13	0	0	14	61	auto+harness
6060	13979	7	2	0	29	85	0	168	174	23	The gate=103,The counter=28,Prize money=27	0	0	84	63	auto+harness
6060	13979	8	2	0	21	63	0	178	176	25	The gate=117,Prize money=28,The counter=28	0	0	56	64	auto+harness
6060	13979	9	3	0	32	90	1	215	230	10	The gate=152,The counter=32,Prize money=16	0	4	74	66	auto+harness
6060	13979	10	3	0	38	111	0	189	183	16	The gate=132,The counter=24,Prize money=21	0	0	32	69	auto+harness
6060	13979	11	3	0	40	98	1	218	206	28	The gate=149,The counter=32,Prize money=32	0	8	42	71	auto+harness
6060	13979	12	3	0	39	81	1	219	219	28	The gate=147,The counter=32,Prize money=30	0	4	0	72	auto+harness
8123	8123	1	0	0	0	0	0	45	28	25	The gate=17,Prize money=17,Tournaments=6	0	0	4	49	auto+harness
8123	8123	2	1	0	22	66	0	72	74	23	The gate=40,Prize money=13,The counter=9	0	0	15	51	auto+harness
8123	8123	3	1	0	27	81	0	87	77	33	The gate=39,Prize money=26,Tournaments=10	0	0	18	53	auto+harness
8123	8123	4	2	0	23	69	0	125	132	26	The gate=82,The counter=18,The club=11	0	0	46	55	auto+harness
8123	8123	5	1	0	39	117	0	115	111	30	The gate=42,Tournaments=28,Prize money=27	0	0	48	58	auto+harness
8123	8123	6	2	0	24	66	0	140	136	34	The gate=99,The counter=20,Prize money=16	0	0	28	60	auto+harness
8123	8123	7	2	0	28	84	0	155	167	22	The gate=104,The counter=24,Prize money=20	0	0	56	62	auto+harness
8123	8123	8	2	0	51	152	2	179	170	31	The gate=114,Prize money=32,The counter=28	0	2	68	64	auto+harness
8123	8123	9	3	0	50	142	1	198	208	21	The gate=147,The counter=32,The club=8	0	4	74	67	auto+harness
8123	8123	10	2	0	56	134	2	140	135	26	The gate=86,Prize money=23,The counter=20	0	9	28	71	auto+harness
8123	8123	11	2	0	39	91	1	202	209	19	The gate=88,Tournaments=42,Prize money=37	0	7	28	73	auto+harness
8123	8123	12	3	0	29	63	0	266	260	25	The gate=156,The counter=56,Prize money=29	0	0	28	74	auto+harness
8123	16042	1	0	0	0	0	0	50	33	25	Prize money=19,The gate=18,Tournaments=6	0	0	10	49	auto+harness
8123	16042	2	1	0	22	66	0	65	68	22	The gate=41,Prize money=14,The counter=6	0	0	6	52	auto+harness
8123	16042	3	1	0	26	78	0	115	109	28	The gate=46,Prize money=22,Tournaments=22	0	0	27	54	auto+harness
8123	16042	4	2	0	23	69	0	144	134	38	The gate=100,The counter=28,Prize money=6	0	0	76	55	auto+harness
8123	16042	5	1	0	43	129	0	135	140	33	The gate=56,Tournaments=28,Prize money=24	0	0	20	58	auto+harness
8123	16042	6	2	0	42	118	1	171	167	37	The gate=97,The counter=42,Prize money=22	0	1	42	60	auto+harness
8123	16042	7	2	0	53	159	3	180	191	26	The gate=111,The counter=35,Prize money=16	0	13	76	61	auto+harness
8123	16042	8	2	0	47	135	2	212	206	32	The gate=99,Prize money=36,Tournaments=33	0	13	62	66	auto+harness
8123	16042	9	3	0	46	121	3	234	245	21	The gate=154,The counter=49,Prize money=15	0	17	60	70	auto+harness
8123	16042	10	3	0	49	117	2	278	262	37	The gate=166,The counter=56,Prize money=33	0	9	0	75	auto+harness
8123	16042	11	3	0	49	99	2	348	347	38	The gate=173,The counter=63,Tournaments=55	0	6	28	77	auto+harness
8123	16042	12	3	0	36	52	0	275	292	21	The gate=157,The counter=49,Prize money=37	0	0	68	77	auto+harness
9001	9001	1	0	57	0	0	0	43	26	25	Prize money=17,The gate=14,The club=5	19	0	2	50	spec+bout+harness
9001	9001	2	1	93	2	6	0	64	71	18	The gate=34,Prize money=15,The counter=6	31	0	25	52	spec+bout+harness
9001	9001	3	1	72	2	6	0	87	82	23	The gate=44,Prize money=20,Tournaments=14	24	0	24	55	spec+bout+harness
9001	9001	4	1	78	1	3	0	130	120	33	The gate=46,Tournaments=28,Prize money=27	26	0	42	55	spec+bout+harness
9001	9001	5	2	108	2	6	0	129	140	22	The gate=86,The counter=20,Prize money=10	36	0	68	58	spec+bout+harness
9001	9001	6	1	66	0	0	0	135	132	25	The gate=65,Prize money=27,Tournaments=22	22	0	56	61	spec+bout+harness
9001	9001	7	2	132	0	0	0	148	141	32	The gate=100,The counter=20,Prize money=14	44	0	42	65	spec+bout+harness
9001	9001	8	2	108	1	3	0	148	132	48	The gate=75,Prize money=32,The counter=23	36	0	0	64	spec+bout+harness
9001	9001	9	2	222	1	3	0	210	227	31	The gate=121,The counter=49,Prize money=22	74	0	84	66	spec+bout+harness
9001	9001	10	2	165	5	15	0	275	255	51	The gate=117,The counter=52,Tournaments=42	55	0	20	72	spec+bout+harness
9001	9001	11	3	213	7	21	0	327	336	42	The gate=176,The counter=99,Prize money=29	71	0	94	73	spec+bout+harness
9001	9001	12	3	102	16	48	0	334	339	37	The gate=184,The counter=88,Prize money=28	34	0	152	75	spec+bout+harness
9001	16920	1	0	57	0	0	0	58	42	24	Prize money=20,The gate=18,Tournaments=14	19	0	6	50	spec+bout+harness
9001	16920	2	1	99	2	6	0	80	78	26	The gate=35,Prize money=22,The counter=9	33	0	15	51	spec+bout+harness
9001	16920	3	2	120	2	6	0	121	130	17	The gate=80,The counter=21,Prize money=13	40	0	38	55	spec+bout+harness
9001	16920	4	2	123	0	0	0	155	141	31	The gate=74,Prize money=25,The counter=24	41	0	32	60	spec+bout+harness
9001	16920	5	2	117	1	3	0	190	191	30	The gate=104,The counter=47,Prize money=22	39	0	84	63	spec+bout+harness
9001	16920	6	2	96	3	9	0	227	236	21	The gate=127,The counter=49,Prize money=29	32	0	62	66	spec+bout+harness
9001	16920	7	3	102	8	24	0	264	266	19	The gate=161,The counter=56,Prize money=22	34	0	122	69	spec+bout+harness
9001	16920	8	3	93	9	27	0	261	245	35	The gate=170,The counter=56,The club=13	31	0	34	63	spec+bout+harness
9001	16920	9	2	104	12	36	0	262	269	28	The gate=120,The counter=49,Tournaments=42	35	0	42	72	spec+bout+harness
9001	16920	10	3	126	6	16	1	235	230	33	The gate=149,The counter=42,Prize money=28	42	0	0	77	spec+bout+harness
9001	16920	11	3	126	10	29	1	294	296	31	The gate=165,The counter=49,Prize money=38	42	0	20	80	spec+bout+harness
9001	16920	12	3	60	19	55	1	348	293	86	The gate=167,Tournaments=70,The counter=56	20	0	48	82	spec+bout+harness
5150	5150	1	0	60	0	0	0	52	33	27	Prize money=18,The gate=17,The club=6	20	0	10	51	spec+bout+harness
5150	5150	2	1	84	4	12	0	56	59	24	The gate=35,Prize money=11,The counter=6	28	0	6	54	spec+bout+harness
5150	5150	3	1	87	0	0	0	91	98	17	The gate=34,Prize money=22,Tournaments=16	29	0	15	53	spec+bout+harness
5150	5150	4	2	126	0	0	0	111	107	21	The gate=76,The counter=16,Prize money=9	42	0	52	56	spec+bout+harness
5150	5150	5	1	96	0	0	0	113	107	27	The gate=52,Prize money=25,The counter=16	32	0	28	60	spec+bout+harness
5150	5150	6	2	150	1	3	0	174	159	42	The gate=101,The counter=30,Prize money=24	50	0	34	64	spec+bout+harness
5150	5150	7	2	135	1	3	0	184	186	40	The gate=96,The counter=47,Prize money=31	45	0	70	67	spec+bout+harness
5150	5150	8	3	147	0	0	0	248	254	34	The gate=154,The counter=49,Prize money=30	49	0	74	71	spec+bout+harness
5150	5150	9	3	103	4	12	0	218	237	15	The gate=146,The counter=42,Prize money=20	35	0	48	72	spec+bout+harness
5150	5150	10	3	66	6	17	0	245	227	33	The gate=164,The counter=56,Prize money=13	22	0	70	73	spec+bout+harness
5150	5150	11	2	105	8	24	1	248	252	29	The gate=103,Tournaments=42,Prize money=39	35	0	28	77	spec+bout+harness
5150	5150	12	3	156	3	7	1	285	285	29	The gate=166,The counter=56,Prize money=41	52	0	12	81	spec+bout+harness
5150	13069	1	0	60	0	0	0	56	40	24	The gate=18,Prize money=18,Tournaments=14	20	0	16	51	spec+bout+harness
5150	13069	2	1	84	1	3	0	100	101	23	The gate=37,Tournaments=22,Prize money=19	28	0	9	54	spec+bout+harness
5150	13069	3	2	108	1	3	0	126	119	30	The gate=84,The counter=20,Prize money=17	36	0	38	57	spec+bout+harness
5150	13069	4	2	138	0	0	0	149	156	23	The gate=93,Prize money=20,The counter=20	46	0	76	61	spec+bout+harness
5150	13069	5	2	117	0	0	0	181	164	40	The gate=102,The counter=29,Prize money=27	39	0	6	64	spec+bout+harness
5150	13069	6	2	150	1	3	0	206	197	49	The gate=92,The counter=41,Prize money=30	50	0	70	65	spec+bout+harness
5150	13069	7	2	147	10	30	0	214	223	40	The gate=129,The counter=49,Prize money=21	49	0	70	66	spec+bout+harness
5150	13069	8	2	81	27	81	0	218	219	39	The gate=102,Tournaments=42,Prize money=35	27	0	56	76	spec+bout+harness
5150	13069	9	3	35	37	111	0	279	284	34	The gate=167,The counter=56,Prize money=33	12	0	38	80	spec+bout+harness
5150	13069	10	3	24	27	80	1	251	258	27	The gate=145,The counter=42,Prize money=38	8	0	28	83	spec+bout+harness
5150	13069	11	3	51	24	70	2	322	310	39	The gate=136,The counter=67,Tournaments=55	17	0	34	79	spec+bout+harness
5150	13069	12	3	45	24	68	3	429	440	28	The gate=189,The counter=99,Tournaments=70	15	0	96	83	spec+bout+harness
2718	2718	1	0	60	0	0	0	53	35	26	Prize money=20,The gate=17,Tournaments=10	20	0	6	51	spec+bout+harness
2718	2718	2	1	81	1	3	0	99	102	23	The gate=43,Prize money=25,Tournaments=14	27	0	21	52	spec+bout+harness
2718	2718	3	2	123	5	15	0	113	113	23	The gate=74,Prize money=19,The counter=15	41	0	52	54	spec+bout+harness
2718	2718	4	2	105	3	9	0	119	121	21	The gate=80,The counter=18,Prize money=11	35	0	54	59	spec+bout+harness
2718	2718	5	2	93	2	6	0	120	123	18	The gate=72,The counter=19,Prize money=17	31	0	56	63	spec+bout+harness
2718	2718	6	2	96	1	3	0	148	129	37	The gate=75,Prize money=25,The counter=16	32	0	28	63	spec+bout+harness
2718	2718	7	2	102	2	6	0	167	169	35	The gate=84,Prize money=33,The counter=20	34	0	28	67	spec+bout+harness
2718	2718	8	3	123	4	12	0	221	230	26	The gate=143,The counter=49,Prize money=18	41	0	46	73	spec+bout+harness
2718	2718	9	3	60	14	42	0	260	254	32	The gate=155,The counter=49,Prize money=34	20	0	56	75	spec+bout+harness
2718	2718	10	3	51	19	57	0	254	254	32	The gate=156,The counter=49,Prize money=30	17	0	54	73	spec+bout+harness
2718	2718	11	3	61	23	69	0	339	275	96	The gate=167,Tournaments=65,The counter=56	21	0	42	77	spec+bout+harness
2718	2718	12	3	130	16	47	0	338	387	47	The gate=154,Tournaments=70,The counter=57	44	0	28	82	spec+bout+harness
2718	10637	1	0	57	0	0	0	53	33	28	Prize money=19,The gate=16,Tournaments=8	19	0	10	51	spec+bout+harness
2718	10637	2	1	81	3	9	0	109	116	21	The gate=41,Prize money=26,Tournaments=22	27	0	21	54	spec+bout+harness
2718	10637	3	2	117	0	0	0	119	116	24	The gate=78,The counter=20,Prize money=10	39	0	54	57	spec+bout+harness
2718	10637	4	2	102	0	0	0	161	164	21	The gate=100,The counter=28,Prize money=22	34	0	82	60	spec+bout+harness
2718	10637	5	2	108	0	0	0	166	167	20	The gate=112,The counter=28,Prize money=14	36	0	76	62	spec+bout+harness
2718	10637	6	2	84	0	0	0	162	143	39	The gate=73,Prize money=30,The counter=24	28	0	42	63	spec+bout+harness
2718	10637	7	2	156	1	3	0	203	205	37	The gate=120,The counter=49,Prize money=20	52	0	48	67	spec+bout+harness
2718	10637	8	2	240	0	0	0	226	222	41	The gate=129,The counter=49,Prize money=31	80	0	0	72	spec+bout+harness
2718	10637	9	3	180	2	6	0	282	295	28	The gate=173,The counter=63,Prize money=27	60	0	94	79	spec+bout+harness
2718	10637	10	3	130	19	57	0	346	312	62	The gate=144,The counter=79,Tournaments=55	44	0	0	85	spec+bout+harness
2718	10637	11	3	91	26	78	2	379	393	48	The gate=161,Tournaments=80,The counter=66	31	0	96	88	spec+bout+harness
2718	10637	12	3	60	18	52	2	374	376	46	The gate=181,The counter=88,Prize money=46	20	0	54	89	spec+bout+harness
6060	6060	1	0	63	0	0	0	56	36	28	The gate=22,Prize money=20,Tournaments=8	21	0	4	50	spec+bout+harness
6060	6060	2	1	84	1	3	0	87	96	19	The gate=36,Prize money=25,The club=11	28	0	21	53	spec+bout+harness
6060	6060	3	2	111	0	0	0	129	131	17	The gate=88,The counter=21,Prize money=9	37	0	72	58	spec+bout+harness
6060	6060	4	2	96	0	0	0	114	104	27	The gate=72,Prize money=17,The counter=15	32	0	28	60	spec+bout+harness
6060	6060	5	2	114	0	0	0	143	138	32	The gate=92,The counter=28,Prize money=16	38	0	34	63	spec+bout+harness
6060	6060	6	2	96	0	0	0	149	152	29	The gate=94,The counter=24,Prize money=22	32	0	14	62	spec+bout+harness
6060	6060	7	2	87	0	0	0	171	162	38	The gate=94,The counter=32,Prize money=19	29	0	48	57	spec+bout+harness
6060	6060	8	2	114	0	0	0	177	173	42	The gate=98,The counter=48,Prize money=20	38	0	56	65	spec+bout+harness
6060	6060	9	2	120	0	0	0	217	228	31	The gate=105,Prize money=36,The counter=35	40	0	84	65	spec+bout+harness
6060	6060	10	3	153	0	0	0	261	258	34	The gate=163,The counter=56,Prize money=25	51	0	46	73	spec+bout+harness
6060	6060	11	3	111	4	12	0	305	288	51	The gate=138,Tournaments=45,The counter=44	37	0	0	79	spec+bout+harness
6060	6060	12	3	121	4	12	0	371	362	60	The gate=171,The counter=77,Tournaments=55	42	0	48	83	spec+bout+harness
6060	13979	1	0	66	0	0	0	53	35	26	Prize money=20,The gate=18,Tournaments=10	22	0	4	51	spec+bout+harness
6060	13979	2	1	87	1	3	0	63	69	20	The gate=35,Prize money=18,The counter=6	29	0	0	54	spec+bout+harness
6060	13979	3	2	111	1	3	0	118	118	20	The gate=73,The counter=18,Prize money=15	37	0	39	58	spec+bout+harness
6060	13979	4	2	108	0	0	0	111	116	15	The gate=63,The counter=17,Prize money=13	36	0	60	57	spec+bout+harness
6060	13979	5	2	102	0	0	0	131	112	34	The gate=86,The counter=20,Prize money=20	34	0	42	61	spec+bout+harness
6060	13979	6	2	180	0	0	0	158	167	25	The gate=100,The counter=20,Prize money=20	60	0	56	67	spec+bout+harness
6060	13979	7	2	150	3	9	0	182	173	34	The gate=100,Prize money=36,Tournaments=21	50	0	56	70	spec+bout+harness
6060	13979	8	3	90	14	42	0	185	200	19	The gate=143,The counter=28,Prize money=9	30	0	60	73	spec+bout+harness
6060	13979	9	2	42	21	63	0	211	199	31	The gate=87,Tournaments=42,The counter=40	14	0	56	73	spec+bout+harness
6060	13979	10	2	69	13	39	0	213	214	30	The gate=104,Prize money=37,The counter=28	23	0	20	73	spec+bout+harness
6060	13979	11	3	92	9	27	0	251	258	23	The gate=165,The counter=56,Prize money=16	31	0	70	77	spec+bout+harness
6060	13979	12	3	77	6	16	0	354	300	77	The gate=152,Tournaments=80,The counter=61	26	0	6	80	spec+bout+harness
8123	8123	1	0	60	0	0	0	72	54	26	Tournaments=28,Prize money=20,The gate=17	20	0	16	51	spec+bout+harness
8123	8123	2	1	87	2	6	0	101	110	17	The gate=57,Prize money=13,The counter=12	29	0	27	54	spec+bout+harness
8123	8123	3	1	78	0	0	0	111	99	29	The gate=47,Prize money=26,Tournaments=20	26	0	42	56	spec+bout+harness
8123	8123	4	2	114	0	0	0	159	169	19	The gate=106,The counter=24,Prize money=13	38	0	88	59	spec+bout+harness
8123	8123	5	2	96	2	6	0	145	132	32	The gate=95,The counter=20,Prize money=16	32	0	14	62	spec+bout+harness
8123	8123	6	2	96	1	3	0	181	178	35	The gate=102,Prize money=38,The counter=24	32	0	98	64	spec+bout+harness
8123	8123	7	3	123	2	6	0	192	205	22	The gate=142,The counter=24,The club=13	41	0	46	68	spec+bout+harness
8123	8123	8	2	102	1	3	0	137	138	21	The gate=87,Prize money=17,The counter=16	34	0	54	66	spec+bout+harness
8123	8123	9	2	81	8	24	0	203	209	15	The gate=99,Tournaments=42,Prize money=30	27	0	90	63	spec+bout+harness
8123	8123	10	3	105	8	24	0	214	206	23	The gate=156,The counter=32,Prize money=19	35	0	56	68	spec+bout+harness
8123	8123	11	3	129	6	18	0	238	249	12	The gate=151,The counter=32,Prize money=30	43	0	0	75	spec+bout+harness
8123	8123	12	3	85	1	3	0	225	205	32	The gate=118,The counter=46,Prize money=31	29	0	0	77	spec+bout+harness
8123	16042	1	0	57	0	0	0	52	33	27	Prize money=19,The gate=18,Tournaments=8	19	0	10	51	spec+bout+harness
8123	16042	2	1	78	3	9	0	65	66	26	The gate=41,Prize money=14,The counter=6	26	0	0	53	spec+bout+harness
8123	16042	3	1	78	3	9	0	111	109	28	The gate=46,Tournaments=22,Prize money=18	26	0	33	56	spec+bout+harness
8123	16042	4	1	87	1	3	0	103	101	30	The gate=53,Prize money=21,The counter=16	29	0	48	58	spec+bout+harness
8123	16042	5	2	129	0	0	0	163	156	37	The gate=112,The counter=28,Prize money=18	43	0	76	61	spec+bout+harness
8123	16042	6	2	111	2	6	0	187	189	35	The gate=97,Prize money=25,The counter=24	37	0	56	62	spec+bout+harness
8123	16042	7	2	108	1	3	0	236	228	43	The gate=106,The counter=47,Tournaments=33	36	0	104	67	spec+bout+harness
8123	16042	8	2	183	0	0	0	215	218	40	The gate=112,The counter=35,Prize money=31	61	0	14	66	spec+bout+harness
8123	16042	9	3	135	9	27	0	225	228	37	The gate=151,The counter=49,The ground=11	45	0	66	66	spec+bout+harness
8123	16042	10	2	63	18	54	0	245	253	29	The gate=113,Tournaments=42,Prize money=37	21	0	82	71	spec+bout+harness
8123	16042	11	3	63	12	34	2	244	248	25	The gate=155,The counter=49,Prize money=22	21	0	42	72	spec+bout+harness
8123	16042	12	3	69	6	16	2	293	300	18	The gate=167,The counter=56,Prize money=38	23	0	20	77	spec+bout+harness
