policy	base	line
auto	9001	title=11.6 t1=2.0 t2=3.6 t3=7.6 tier=3.00 power=79.2 cc=72.8 worlds=8.80 youth_title=10.8 youth_t3=7.6
auto	5150	title=11.4 t1=2.2 t2=4.2 t3=8.4 tier=3.00 power=82.8 cc=79.8 worlds=14.60 youth_title=11.8 youth_t3=7.6
auto	2718	title=11.0 t1=2.4 t2=4.6 t3=7.0 tier=3.00 power=83.2 cc=81.4 worlds=15.20 youth_title=11.8 youth_t3=7.2
auto	6060	title=11.4 t1=2.0 t2=3.6 t3=8.4 tier=3.00 power=79.8 cc=80.0 worlds=13.60 youth_title=11.4 youth_t3=7.8
auto	8123	title=10.8 t1=2.2 t2=4.4 t3=8.4 tier=3.00 power=82.6 cc=79.0 worlds=15.40 youth_title=10.4 youth_t3=8.6
auto+bout	9001	title=8.8 t1=2.2 t2=4.0 t3=7.8 tier=3.00 power=93.4 cc=100.4 worlds=30.40 youth_title=8.4 youth_t3=7.8
auto+bout	5150	title=9.8 t1=2.2 t2=3.6 t3=7.0 tier=3.00 power=90.2 cc=95.2 worlds=24.60 youth_title=10.0 youth_t3=7.2
auto+bout	2718	title=8.4 t1=2.2 t2=3.4 t3=6.8 tier=3.00 power=93.6 cc=100.9 worlds=28.40 youth_title=9.0 youth_t3=6.6
auto+bout	6060	title=9.0 t1=2.0 t2=3.0 t3=6.6 tier=3.00 power=93.6 cc=103.4 worlds=27.20 youth_title=9.0 youth_t3=6.4
auto+bout	8123	title=9.6 t1=2.2 t2=4.4 t3=7.0 tier=3.00 power=93.2 cc=98.5 worlds=27.40 youth_title=8.8 youth_t3=7.0
low	9001	title=10.4 t1=2.0 t2=3.6 t3=7.6 tier=3.00 power=85.4 cc=77.9 worlds=13.00 youth_title=10.8 youth_t3=7.6
low	5150	title=9.8 t1=2.2 t2=4.2 t3=8.0 tier=3.00 power=87.8 cc=85.1 worlds=20.00 youth_title=9.6 youth_t3=7.8
low	2718	title=10.6 t1=2.4 t2=4.8 t3=7.2 tier=3.00 power=89.2 cc=84.8 worlds=18.40 youth_title=10.8 youth_t3=7.0
low	6060	title=10.8 t1=2.0 t2=3.6 t3=8.0 tier=3.00 power=84.4 cc=83.1 worlds=17.40 youth_title=10.8 youth_t3=7.8
low	8123	title=10.8 t1=2.2 t2=4.4 t3=8.6 tier=3.00 power=88.2 cc=86.4 worlds=17.40 youth_title=10.2 youth_t3=8.6
low+bout	9001	title=8.8 t1=2.2 t2=4.0 t3=7.8 tier=3.00 power=93.6 cc=99.3 worlds=30.20 youth_title=8.2 youth_t3=8.0
low+bout	5150	title=9.6 t1=2.2 t2=3.6 t3=6.6 tier=3.00 power=93.8 cc=101.6 worlds=26.20 youth_title=9.6 youth_t3=6.8
low+bout	2718	title=8.6 t1=2.2 t2=3.2 t3=6.6 tier=3.00 power=94.2 cc=107.8 worlds=30.60 youth_title=9.4 youth_t3=6.4
low+bout	6060	title=9.4 t1=2.0 t2=3.0 t3=6.6 tier=3.00 power=94.0 cc=101.8 worlds=24.60 youth_title=8.8 youth_t3=6.4
low+bout	8123	title=8.8 t1=2.2 t2=4.4 t3=7.0 tier=3.00 power=94.0 cc=102.9 worlds=27.00 youth_title=8.4 youth_t3=7.2
spec	9001	title=10.8 t1=2.0 t2=3.6 t3=7.6 tier=3.00 power=85.2 cc=81.4 worlds=15.60 youth_title=11.4 youth_t3=8.4
spec	5150	title=10.4 t1=2.2 t2=4.2 t3=8.6 tier=3.00 power=84.6 cc=84.2 worlds=19.60 youth_title=10.0 youth_t3=8.4
spec	2718	title=10.6 t1=2.4 t2=4.6 t3=7.0 tier=3.00 power=88.8 cc=90.1 worlds=20.20 youth_title=10.2 youth_t3=7.0
spec	6060	title=11.2 t1=2.0 t2=3.6 t3=8.2 tier=3.00 power=85.4 cc=79.2 worlds=14.20 youth_title=11.0 youth_t3=8.0
spec	8123	title=10.4 t1=2.2 t2=4.4 t3=8.6 tier=3.00 power=88.4 cc=85.2 worlds=18.20 youth_title=10.4 youth_t3=8.8
spec+bout	9001	title=8.8 t1=2.2 t2=4.0 t3=7.6 tier=3.00 power=93.6 cc=99.0 worlds=29.60 youth_title=8.4 youth_t3=7.6
spec+bout	5150	title=9.0 t1=2.2 t2=3.6 t3=6.8 tier=3.00 power=92.4 cc=107.8 worlds=29.60 youth_title=9.0 youth_t3=6.8
spec+bout	2718	title=8.6 t1=2.2 t2=3.2 t3=6.4 tier=3.00 power=93.4 cc=102.3 worlds=26.00 youth_title=8.2 youth_t3=6.4
spec+bout	6060	title=8.6 t1=2.0 t2=3.0 t3=6.6 tier=3.00 power=93.6 cc=93.8 worlds=22.60 youth_title=8.4 youth_t3=6.6
spec+bout	8123	title=8.6 t1=2.2 t2=4.0 t3=6.6 tier=3.00 power=94.2 cc=104.3 worlds=26.00 youth_title=8.6 youth_t3=7.2
auto+harness	9001	title=15.0 t1=2.0 t2=3.6 t3=9.4 tier=2.60 power=69.6 cc=62.6 worlds=7.40 youth_title=15.0 youth_t3=9.2
auto+harness	5150	title=14.4 t1=2.2 t2=4.4 t3=9.2 tier=2.80 power=66.4 cc=60.6 worlds=8.60 youth_title=14.0 youth_t3=9.6
auto+harness	2718	title=12.8 t1=2.4 t2=4.0 t3=8.4 tier=3.00 power=71.0 cc=62.5 worlds=6.00 youth_title=13.6 youth_t3=8.4
auto+harness	6060	title=13.8 t1=2.0 t2=3.8 t3=8.0 tier=3.00 power=69.4 cc=63.8 worlds=5.80 youth_title=14.2 youth_t3=8.0
auto+harness	8123	title=14.6 t1=2.2 t2=4.4 t3=9.8 tier=3.00 power=69.4 cc=62.6 worlds=7.80 youth_title=14.6 youth_t3=9.6
spec+bout+harness	9001	title=12.2 t1=2.2 t2=4.0 t3=9.0 tier=3.00 power=82.4 cc=73.4 worlds=14.40 youth_title=12.6 youth_t3=9.6
spec+bout+harness	5150	title=14.2 t1=2.2 t2=3.8 t3=7.8 tier=3.00 power=75.8 cc=68.2 worlds=9.80 youth_title=13.0 youth_t3=8.2
spec+bout+harness	2718	title=10.6 t1=2.2 t2=3.4 t3=8.2 tier=3.00 power=88.6 cc=80.3 worlds=17.40 youth_title=10.4 youth_t3=7.8
spec+bout+harness	6060	title=11.8 t1=2.0 t2=3.0 t3=8.4 tier=3.00 power=81.6 cc=73.6 worlds=15.20 youth_title=12.0 youth_t3=8.4
spec+bout+harness	8123	title=13.4 t1=2.2 t2=4.0 t3=8.2 tier=3.00 power=78.8 cc=70.3 worlds=12.20 youth_title=12.4 youth_t3=8.2
