base	title	t1	t2	t3	tier	power	cc	worlds	youth_title	youth_t3
4242	99.0	6.0	99.0	99.0	0.40	46.8	40.4	0.00	99.0	99.0
90210	99.0	24.8	81.8	99.0	0.80	46.4	41.7	0.00	99.0	99.0
31337	99.0	8.0	63.4	99.0	1.00	47.8	39.4	0.00	99.0	99.0
777	99.0	7.6	99.0	99.0	1.00	44.0	38.5	0.00	99.0	99.0
24601	99.0	8.0	81.8	99.0	1.60	47.4	38.8	0.00	99.0	99.0
1848	99.0	5.8	99.0	99.0	1.20	47.2	39.5	0.00	99.0	99.0
606060	99.0	6.6	64.8	99.0	1.20	51.0	42.0	0.00	99.0	99.0
13131	99.0	25.6	82.0	99.0	0.40	45.4	39.0	0.00	99.0	99.0
DONE
