var	value	title	t1	t2	t3	tier	power	cc	worlds	youth_title	youth_t3
PEAK_SPREAD	2	99.0	7.0	82.0	99.0	0.80	46.8	39.1	0.00	99.0	99.0
PEAK_SPREAD	3	99.0	24.0	82.0	99.0	1.20	48.0	41.4	0.00	99.0	99.0
PEAK_SPREAD	4	99.0	6.0	99.0	99.0	0.40	46.8	40.4	0.00	99.0	99.0
PEAK_SPREAD	6	99.0	24.0	64.4	99.0	1.40	46.8	40.4	0.00	99.0	99.0
PEAK_SPREAD	8	99.0	7.4	47.0	99.0	0.80	49.4	41.1	0.00	99.0	99.0
DECLINE_RATE	0.15	99.0	6.4	64.4	99.0	0.80	49.8	42.6	0.00	99.0	99.0
DECLINE_RATE	0.225	99.0	8.0	99.0	99.0	0.80	47.0	37.8	0.00	99.0	99.0
DECLINE_RATE	0.3	99.0	6.0	99.0	99.0	0.40	46.8	40.4	0.00	99.0	99.0
DECLINE_RATE	0.45	99.0	24.4	82.0	99.0	0.60	47.2	40.6	0.00	99.0	99.0
DECLINE_RATE	0.6	99.0	7.0	99.0	99.0	1.00	43.6	39.6	0.00	99.0	99.0
POTENTIAL_GAP_MAX	9	99.0	23.2	81.8	99.0	1.00	44.4	38.9	0.00	99.0	99.0
POTENTIAL_GAP_MAX	14	99.0	23.8	82.0	99.0	0.80	44.8	37.9	0.00	99.0	99.0
POTENTIAL_GAP_MAX	18	99.0	6.0	99.0	99.0	0.40	46.8	40.4	0.00	99.0	99.0
POTENTIAL_GAP_MAX	27	99.0	5.6	82.0	99.0	1.60	50.0	42.6	0.00	99.0	99.0
POTENTIAL_GAP_MAX	36	99.0	5.2	47.0	99.0	1.40	56.6	44.5	0.00	99.0	99.0
STANDARD_ROOM	5	99.0	6.4	99.0	99.0	0.40	45.2	38.7	0.00	99.0	99.0
STANDARD_ROOM	8	99.0	6.0	99.0	99.0	0.40	47.0	40.1	0.00	99.0	99.0
STANDARD_ROOM	10	99.0	6.0	99.0	99.0	0.40	46.8	40.4	0.00	99.0	99.0
STANDARD_ROOM	15	99.0	6.0	99.0	99.0	0.40	47.0	40.4	0.00	99.0	99.0
STANDARD_ROOM	20	99.0	6.0	99.0	99.0	0.40	47.0	40.4	0.00	99.0	99.0
PROJECT_YEARS	2.5	99.0	6.0	99.0	99.0	0.80	47.8	40.6	0.00	99.0	99.0
PROJECT_YEARS	3.75	99.0	6.0	99.0	99.0	0.60	47.6	40.6	0.00	99.0	99.0
PROJECT_YEARS	5.0	99.0	6.0	99.0	99.0	0.40	46.8	40.4	0.00	99.0	99.0
PROJECT_YEARS	7.5	99.0	6.0	99.0	99.0	0.60	47.2	39.6	0.00	99.0	99.0
PROJECT_YEARS	10.0	99.0	5.8	99.0	99.0	0.80	44.6	38.9	0.00	99.0	99.0
WORTH_HORIZON	3	99.0	6.0	99.0	99.0	0.40	48.0	41.2	0.00	99.0	99.0
WORTH_HORIZON	4	99.0	6.0	99.0	99.0	0.40	48.2	40.2	0.00	99.0	99.0
WORTH_HORIZON	6	99.0	6.0	99.0	99.0	0.40	46.8	40.4	0.00	99.0	99.0
WORTH_HORIZON	9	99.0	23.8	99.0	99.0	0.60	45.6	39.0	0.00	99.0	99.0
WORTH_HORIZON	12	99.0	6.6	99.0	99.0	0.60	45.6	39.6	0.00	99.0	99.0
PROSPECT_GAIN	2	99.0	6.0	99.0	99.0	0.40	46.8	40.4	0.00	99.0	99.0
PROSPECT_GAIN	3	99.0	6.0	99.0	99.0	0.40	46.8	40.4	0.00	99.0	99.0
PROSPECT_GAIN	4	99.0	6.0	99.0	99.0	0.40	46.8	40.4	0.00	99.0	99.0
PROSPECT_GAIN	6	99.0	6.0	99.0	99.0	0.40	46.8	40.4	0.00	99.0	99.0
PROSPECT_GROUND	2	99.0	6.0	99.0	99.0	0.40	46.8	40.4	0.00	99.0	99.0
PROSPECT_GROUND	3	99.0	6.0	99.0	99.0	0.40	46.8	40.4	0.00	99.0	99.0
PROSPECT_GROUND	4	99.0	6.0	99.0	99.0	0.40	46.8	40.4	0.00	99.0	99.0
PROSPECT_GROUND	6	99.0	6.0	99.0	99.0	0.40	46.8	40.4	0.00	99.0	99.0
RAISE_COST_PER	1	99.0	6.0	99.0	99.0	0.40	47.0	40.5	0.00	99.0	99.0
RAISE_COST_PER	2	99.0	6.0	99.0	99.0	0.40	46.8	40.4	0.00	99.0	99.0
RAISE_COST_PER	3	99.0	6.0	99.0	99.0	0.40	46.8	40.4	0.00	99.0	99.0
RAISE_COST_PER	4	99.0	6.0	99.0	99.0	0.40	46.8	40.2	0.00	99.0	99.0
RAISE_STEP	1	99.0	6.0	99.0	99.0	0.40	46.8	40.4	0.00	99.0	99.0
RAISE_STEP	2	99.0	6.0	99.0	99.0	0.40	47.0	40.4	0.00	99.0	99.0
CEILING_DRIFT	2	99.0	23.8	81.4	99.0	0.40	43.0	37.9	0.00	99.0	99.0
CEILING_DRIFT	3	99.0	6.4	99.0	99.0	0.40	45.4	37.8	0.00	99.0	99.0
CEILING_DRIFT	4	99.0	6.0	99.0	99.0	0.40	46.8	40.4	0.00	99.0	99.0
CEILING_DRIFT	6	99.0	6.8	99.0	99.0	0.80	46.0	38.0	0.00	99.0	99.0
CEILING_DRIFT	8	99.0	6.8	99.0	99.0	0.80	47.6	37.8	0.00	99.0	99.0
CEILING_NEAR	2	99.0	6.8	81.4	99.0	0.60	47.6	39.9	0.00	99.0	99.0
CEILING_NEAR	3	99.0	6.4	82.0	99.0	0.80	44.6	37.9	0.00	99.0	99.0
CEILING_NEAR	4	99.0	6.0	99.0	99.0	0.40	46.8	40.4	0.00	99.0	99.0
CEILING_NEAR	6	99.0	6.4	99.0	99.0	1.00	46.0	37.3	0.00	99.0	99.0
CEILING_NEAR	8	99.0	6.4	81.4	99.0	0.80	48.6	38.2	0.00	99.0	99.0
XP_BOUT	1	99.0	6.0	99.0	99.0	0.40	46.8	40.4	0.00	99.0	99.0
XP_BOUT	2	99.0	6.0	99.0	99.0	0.40	46.8	40.4	0.00	99.0	99.0
XP_BOUT	3	99.0	6.0	99.0	99.0	0.40	46.8	40.4	0.00	99.0	99.0
XP_BOUT	4	99.0	6.0	99.0	99.0	0.40	46.8	40.4	0.00	99.0	99.0
XP_PER_DOWN	2	99.0	6.0	99.0	99.0	0.40	46.8	40.4	0.00	99.0	99.0
XP_PER_DOWN	3	99.0	6.0	99.0	99.0	0.40	46.8	40.4	0.00	99.0	99.0
XP_PER_DOWN	4	99.0	6.0	99.0	99.0	0.40	46.8	40.4	0.00	99.0	99.0
XP_PER_DOWN	6	99.0	6.0	99.0	99.0	0.40	46.8	40.4	0.00	99.0	99.0
XP_PER_ROUND_STANDING	1	99.0	6.0	99.0	99.0	0.40	46.8	40.4	0.00	99.0	99.0
XP_PER_ROUND_STANDING	2	99.0	6.0	99.0	99.0	0.40	46.8	40.4	0.00	99.0	99.0
LEVEL_XP	2	99.0	5.6	46.6	82.0	2.20	59.8	48.0	0.00	99.0	82.0
LEVEL_XP	4	99.0	6.6	81.2	99.0	0.80	47.8	41.1	0.00	99.0	99.0
LEVEL_XP	5	99.0	6.0	99.0	99.0	0.40	46.8	40.4	0.00	99.0	99.0
LEVEL_XP	8	99.0	5.4	99.0	99.0	0.80	43.4	37.9	0.00	99.0	99.0
LEVEL_XP	10	99.0	6.0	99.0	99.0	0.40	43.4	37.8	0.00	99.0	99.0
LEVEL_COST_DIV	2	99.0	6.0	99.0	99.0	0.40	46.8	40.4	0.00	99.0	99.0
LEVEL_COST_DIV	3	99.0	6.0	99.0	99.0	0.40	46.8	40.4	0.00	99.0	99.0
LEVEL_COST_DIV	4	99.0	6.0	99.0	99.0	0.40	46.8	40.4	0.00	99.0	99.0
LEVEL_COST_DIV	6	99.0	6.0	99.0	99.0	0.40	46.8	40.4	0.00	99.0	99.0
LEVEL_COST_DIV	8	99.0	6.0	99.0	99.0	0.40	46.8	40.4	0.00	99.0	99.0
RETIRE_FROM	16	99.0	99.0	99.0	99.0	0.00	21.8	15.6	0.00	99.0	99.0
RETIRE_FROM	25	99.0	61.8	99.0	99.0	0.00	29.6	28.1	0.00	99.0	99.0
RETIRE_FROM	33	99.0	6.0	99.0	99.0	0.40	46.8	40.4	0.00	99.0	99.0
RETIRE_FROM	50	99.0	5.6	99.0	99.0	1.00	49.6	40.4	0.00	99.0	99.0
RETIRE_FROM	66	99.0	5.6	99.0	99.0	1.00	49.6	40.4	0.00	99.0	99.0
RETIRE_PER_YEAR	0.0275	99.0	6.0	81.0	99.0	0.60	47.2	38.8	0.00	99.0	99.0
RETIRE_PER_YEAR	0.0413	99.0	6.0	99.0	99.0	0.20	46.8	40.0	0.00	99.0	99.0
RETIRE_PER_YEAR	0.055	99.0	6.0	99.0	99.0	0.40	46.8	40.4	0.00	99.0	99.0
RETIRE_PER_YEAR	0.0825	99.0	24.4	99.0	99.0	0.60	47.6	40.8	0.00	99.0	99.0
RETIRE_PER_YEAR	0.11	99.0	24.4	82.0	99.0	0.80	45.6	40.6	0.00	99.0	99.0
RETIRE_PER_FADED_POINT	0.006	99.0	6.0	99.0	99.0	0.40	47.2	39.7	0.00	99.0	99.0
RETIRE_PER_FADED_POINT	0.009	99.0	6.0	99.0	99.0	0.60	47.8	40.9	0.00	99.0	99.0
RETIRE_PER_FADED_POINT	0.012	99.0	6.0	99.0	99.0	0.40	46.8	40.4	0.00	99.0	99.0
RETIRE_PER_FADED_POINT	0.018	99.0	7.2	99.0	99.0	0.60	45.6	40.4	0.00	99.0	99.0
RETIRE_PER_FADED_POINT	0.024	99.0	24.4	99.0	99.0	0.40	45.0	39.0	0.00	99.0	99.0
RETIRE_PER_MOOD	0.11	99.0	6.0	99.0	99.0	0.40	46.6	40.3	0.00	99.0	99.0
RETIRE_PER_MOOD	0.165	99.0	6.0	99.0	99.0	0.40	46.6	40.3	0.00	99.0	99.0
RETIRE_PER_MOOD	0.22	99.0	6.0	99.0	99.0	0.40	46.8	40.4	0.00	99.0	99.0
RETIRE_PER_MOOD	0.33	99.0	7.0	99.0	99.0	0.20	46.4	40.2	0.00	99.0	99.0
RETIRE_PER_MOOD	0.44	99.0	7.0	99.0	99.0	0.20	47.0	40.7	0.00	99.0	99.0
LEARN_STEP	0.04	99.0	6.2	99.0	99.0	0.80	47.4	38.7	0.00	99.0	99.0
LEARN_STEP	0.06	99.0	6.2	99.0	99.0	1.00	48.4	40.1	0.00	99.0	99.0
LEARN_STEP	0.08	99.0	6.0	99.0	99.0	0.40	46.8	40.4	0.00	99.0	99.0
LEARN_STEP	0.12	99.0	7.0	99.0	99.0	0.60	45.6	38.6	0.00	99.0	99.0
LEARN_STEP	0.16	99.0	24.8	99.0	99.0	0.80	45.4	38.1	0.00	99.0	99.0
LEARN_MIN	0.35	99.0	6.0	99.0	99.0	0.40	46.8	40.4	0.00	99.0	99.0
LEARN_MIN	0.525	99.0	6.0	99.0	99.0	0.40	46.8	40.4	0.00	99.0	99.0
LEARN_MIN	0.7	99.0	6.0	99.0	99.0	0.40	46.8	40.4	0.00	99.0	99.0
LEARN_MIN	1.05	99.0	6.4	99.0	99.0	0.60	46.4	39.4	0.00	99.0	99.0
LEARN_MIN	1.4	99.0	6.8	81.4	99.0	0.40	45.6	39.0	0.00	99.0	99.0
LEARN_MAX	1.0	99.0	7.8	81.4	99.0	0.60	49.0	39.6	0.00	99.0	99.0
LEARN_MAX	1.5	99.0	23.8	99.0	99.0	0.40	46.2	38.5	0.00	99.0	99.0
LEARN_MAX	2.0	99.0	6.0	99.0	99.0	0.40	46.8	40.4	0.00	99.0	99.0
LEARN_MAX	3.0	99.0	6.0	99.0	99.0	0.40	46.8	40.4	0.00	99.0	99.0
LEARN_MAX	4.0	99.0	6.0	99.0	99.0	0.40	46.8	40.4	0.00	99.0	99.0
GAIN_PER_GAP	2	99.0	5.2	82.0	99.0	1.20	49.6	41.9	0.00	99.0	99.0
GAIN_PER_GAP	3	99.0	6.0	99.0	99.0	0.40	46.8	40.4	0.00	99.0	99.0
GAIN_PER_GAP	4	99.0	6.2	81.8	99.0	0.80	47.2	41.1	0.00	99.0	99.0
GAIN_PER_GAP	6	99.0	6.2	99.0	99.0	0.60	45.0	39.8	0.00	99.0	99.0
GAIN_MAX	2	99.0	24.0	81.8	99.0	0.80	46.0	40.8	0.00	99.0	99.0
GAIN_MAX	4	99.0	6.4	99.0	99.0	0.60	45.4	38.9	0.00	99.0	99.0
GAIN_MAX	5	99.0	6.0	99.0	99.0	0.40	46.8	40.4	0.00	99.0	99.0
GAIN_MAX	8	99.0	23.8	99.0	99.0	0.40	45.6	38.8	0.00	99.0	99.0
GAIN_MAX	10	99.0	23.8	99.0	99.0	0.40	45.6	38.8	0.00	99.0	99.0
LEVEL_COST_PER	2	99.0	6.0	99.0	99.0	0.40	46.8	40.4	0.00	99.0	99.0
LEVEL_COST_PER	3	99.0	6.0	99.0	99.0	0.40	46.8	40.4	0.00	99.0	99.0
LEVEL_COST_PER	4	99.0	6.0	99.0	99.0	0.40	46.8	40.4	0.00	99.0	99.0
LEVEL_COST_PER	6	99.0	6.0	99.0	99.0	0.40	46.8	40.4	0.00	99.0	99.0
XP_RATING_PULL	0.3	99.0	6.0	99.0	99.0	0.40	46.8	40.4	0.00	99.0	99.0
XP_RATING_PULL	0.45	99.0	6.0	99.0	99.0	0.40	46.8	40.4	0.00	99.0	99.0
XP_RATING_PULL	0.6	99.0	6.0	99.0	99.0	0.40	46.8	40.4	0.00	99.0	99.0
XP_RATING_PULL	0.9	99.0	6.0	99.0	99.0	0.40	46.8	40.4	0.00	99.0	99.0
XP_RATING_PULL	1.2	99.0	6.0	99.0	99.0	0.40	46.8	40.4	0.00	99.0	99.0
PRACTICE_BASE	1.0	99.0	6.4	99.0	99.0	0.60	43.4	36.4	0.00	99.0	99.0
PRACTICE_BASE	1.5	99.0	6.0	99.0	99.0	0.60	46.2	40.8	0.00	99.0	99.0
PRACTICE_BASE	2.0	99.0	6.0	99.0	99.0	0.40	46.8	40.4	0.00	99.0	99.0
PRACTICE_BASE	3.0	99.0	6.2	99.0	99.0	0.60	45.4	39.1	0.00	99.0	99.0
PRACTICE_BASE	4.0	99.0	6.0	99.0	99.0	1.20	48.4	40.1	0.00	99.0	99.0
PRACTICE_PER_GRADE	1.3	99.0	24.0	99.0	99.0	0.20	46.4	39.6	0.00	99.0	99.0
PRACTICE_PER_GRADE	1.95	99.0	6.6	82.0	99.0	0.40	43.8	37.3	0.00	99.0	99.0
PRACTICE_PER_GRADE	2.6	99.0	6.0	99.0	99.0	0.40	46.8	40.4	0.00	99.0	99.0
PRACTICE_PER_GRADE	3.9	99.0	6.0	64.2	99.0	0.80	50.8	40.8	0.00	99.0	99.0
PRACTICE_PER_GRADE	5.2	99.0	6.4	81.2	99.0	1.40	52.6	42.4	0.00	99.0	99.0
PRACTICE_STARTER	0.125	99.0	6.4	82.0	99.0	0.80	43.6	37.4	0.00	99.0	99.0
PRACTICE_STARTER	0.1875	99.0	6.4	99.0	99.0	1.00	46.8	39.7	0.00	99.0	99.0
PRACTICE_STARTER	0.25	99.0	6.0	99.0	99.0	0.40	46.8	40.4	0.00	99.0	99.0
PRACTICE_STARTER	0.375	99.0	6.0	99.0	99.0	1.00	48.4	39.8	0.00	99.0	99.0
PRACTICE_STARTER	0.5	99.0	5.6	99.0	99.0	1.00	47.8	40.2	0.00	99.0	99.0
WAGE_A	0.0004	99.0	6.0	99.0	99.0	0.40	47.6	40.3	0.00	99.0	99.0
WAGE_A	0.0006	99.0	6.0	99.0	99.0	0.40	47.6	40.3	0.00	99.0	99.0
WAGE_A	0.0008	99.0	6.0	99.0	99.0	0.40	46.8	40.4	0.00	99.0	99.0
WAGE_A	0.0012	99.0	6.0	99.0	99.0	0.40	46.0	40.6	0.00	99.0	99.0
WAGE_A	0.0016	99.0	6.0	99.0	99.0	0.20	41.0	39.7	0.00	99.0	99.0
WAGE_B	0.1063	99.0	6.0	99.0	99.0	0.40	47.8	40.0	0.00	99.0	99.0
WAGE_B	0.1595	99.0	6.0	99.0	99.0	0.40	47.8	40.0	0.00	99.0	99.0
WAGE_B	0.2126	99.0	6.0	99.0	99.0	0.40	46.8	40.4	0.00	99.0	99.0
WAGE_B	0.3189	99.0	79.8	99.0	99.0	0.00	32.6	31.1	0.00	99.0	99.0
WAGE_B	0.4252	99.0	79.8	99.0	99.0	0.00	25.2	29.0	0.00	99.0	99.0
CAP_COST_BASE	2.0	99.0	6.0	99.0	99.0	0.40	46.8	40.4	0.00	99.0	99.0
CAP_COST_BASE	3.0	99.0	6.0	99.0	99.0	0.40	46.8	40.4	0.00	99.0	99.0
CAP_COST_BASE	4.0	99.0	6.0	99.0	99.0	0.40	46.8	40.4	0.00	99.0	99.0
CAP_COST_BASE	6.0	99.0	6.0	99.0	99.0	0.40	46.8	40.4	0.00	99.0	99.0
CAP_COST_BASE	8.0	99.0	6.0	99.0	99.0	0.40	46.8	40.4	0.00	99.0	99.0
CAP_COST_GROWTH	0.64	99.0	6.0	99.0	99.0	0.40	46.8	40.4	0.00	99.0	99.0
CAP_COST_GROWTH	0.96	99.0	6.0	99.0	99.0	0.40	46.8	40.4	0.00	99.0	99.0
CAP_COST_GROWTH	1.28	99.0	6.0	99.0	99.0	0.40	46.8	40.4	0.00	99.0	99.0
CAP_COST_GROWTH	1.92	99.0	6.0	99.0	99.0	0.40	46.8	40.4	0.00	99.0	99.0
CAP_COST_GROWTH	2.56	99.0	6.0	99.0	99.0	0.40	46.8	40.4	0.00	99.0	99.0
CAP_STEP_FRACTION	0.075	99.0	6.0	99.0	99.0	0.40	46.8	40.4	0.00	99.0	99.0
CAP_STEP_FRACTION	0.1125	99.0	6.0	99.0	99.0	0.40	46.8	40.4	0.00	99.0	99.0
CAP_STEP_FRACTION	0.15	99.0	6.0	99.0	99.0	0.40	46.8	40.4	0.00	99.0	99.0
CAP_STEP_FRACTION	0.225	99.0	6.0	99.0	99.0	0.40	46.8	40.4	0.00	99.0	99.0
CAP_STEP_FRACTION	0.3	99.0	6.0	99.0	99.0	0.40	47.2	40.3	0.00	99.0	99.0
NEGOTIATE_LIFT	0.07	99.0	6.0	99.0	99.0	0.40	46.8	40.4	0.00	99.0	99.0
NEGOTIATE_LIFT	0.105	99.0	6.0	99.0	99.0	0.40	46.8	40.4	0.00	99.0	99.0
NEGOTIATE_LIFT	0.14	99.0	6.0	99.0	99.0	0.40	46.8	40.4	0.00	99.0	99.0
NEGOTIATE_LIFT	0.21	99.0	6.0	99.0	99.0	0.40	46.8	40.4	0.00	99.0	99.0
NEGOTIATE_LIFT	0.28	99.0	6.0	99.0	99.0	0.40	46.8	40.4	0.00	99.0	99.0
KIT_STEP	0.08	99.0	23.8	81.6	99.0	0.60	46.6	40.4	0.00	99.0	99.0
KIT_STEP	0.12	99.0	6.0	99.0	99.0	0.40	46.8	40.4	0.00	99.0	99.0
KIT_STEP	0.16	99.0	6.0	99.0	99.0	0.40	46.8	40.4	0.00	99.0	99.0
KIT_STEP	0.24	99.0	23.8	81.4	99.0	0.60	44.0	39.7	0.00	99.0	99.0
KIT_STEP	0.32	99.0	23.8	81.4	99.0	0.60	44.0	39.7	0.00	99.0	99.0
KIT_COST_FULL	2	99.0	23.8	81.4	99.0	0.80	44.6	39.5	0.00	99.0	99.0
KIT_COST_FULL	4	99.0	6.0	99.0	99.0	0.40	46.8	40.4	0.00	99.0	99.0
KIT_COST_FULL	5	99.0	6.0	99.0	99.0	0.40	46.8	40.4	0.00	99.0	99.0
KIT_COST_FULL	8	99.0	23.8	81.4	99.0	1.00	45.2	40.7	0.00	99.0	99.0
KIT_COST_FULL	10	99.0	6.6	99.0	99.0	1.20	47.4	39.2	0.00	99.0	99.0
UPKEEP_FRACTION	0.14	99.0	6.0	99.0	99.0	0.40	46.8	40.4	0.00	99.0	99.0
UPKEEP_FRACTION	0.21	99.0	6.0	99.0	99.0	0.40	46.8	40.4	0.00	99.0	99.0
UPKEEP_FRACTION	0.28	99.0	6.0	99.0	99.0	0.40	46.8	40.4	0.00	99.0	99.0
UPKEEP_FRACTION	0.42	99.0	6.0	99.0	99.0	0.40	46.8	40.4	0.00	99.0	99.0
UPKEEP_FRACTION	0.56	99.0	6.0	99.0	99.0	0.40	46.8	40.4	0.00	99.0	99.0
UPKEEP_MARGIN	0.07	99.0	6.0	99.0	99.0	0.40	47.2	39.5	0.00	99.0	99.0
UPKEEP_MARGIN	0.105	99.0	6.0	99.0	99.0	0.60	47.8	40.5	0.00	99.0	99.0
UPKEEP_MARGIN	0.14	99.0	6.0	99.0	99.0	0.40	46.8	40.4	0.00	99.0	99.0
UPKEEP_MARGIN	0.21	99.0	6.6	99.0	99.0	0.60	44.2	39.1	0.00	99.0	99.0
UPKEEP_MARGIN	0.28	99.0	6.6	99.0	99.0	0.40	44.8	39.4	0.00	99.0	99.0
FANS_WIN_GAP	0.0375	99.0	23.8	64.8	99.0	0.40	44.6	38.5	0.00	99.0	99.0
FANS_WIN_GAP	0.0562	99.0	23.8	81.4	99.0	0.80	46.4	38.9	0.00	99.0	99.0
FANS_WIN_GAP	0.075	99.0	6.0	99.0	99.0	0.40	46.8	40.4	0.00	99.0	99.0
FANS_WIN_GAP	0.1125	99.0	6.0	81.2	99.0	1.00	48.0	44.0	0.00	99.0	99.0
FANS_WIN_GAP	0.15	99.0	6.0	81.2	99.0	1.20	47.2	43.6	0.00	99.0	99.0
FANS_DRAW_GAP	0.0125	99.0	6.4	99.0	99.0	0.40	45.4	38.8	0.00	99.0	99.0
FANS_DRAW_GAP	0.0188	99.0	5.8	99.0	99.0	0.60	47.0	40.1	0.00	99.0	99.0
FANS_DRAW_GAP	0.025	99.0	6.0	99.0	99.0	0.40	46.8	40.4	0.00	99.0	99.0
FANS_DRAW_GAP	0.0375	99.0	23.8	99.0	99.0	0.40	42.8	38.3	0.00	99.0	99.0
FANS_DRAW_GAP	0.05	99.0	23.8	99.0	99.0	0.20	42.2	38.6	0.00	99.0	99.0
FANS_LOSS	-0.011	99.0	23.8	81.2	99.0	0.80	45.2	41.3	0.00	99.0	99.0
FANS_LOSS	-0.0165	99.0	23.8	81.2	99.0	0.60	45.0	40.8	0.00	99.0	99.0
FANS_LOSS	-0.022	99.0	6.0	99.0	99.0	0.40	46.8	40.4	0.00	99.0	99.0
FANS_LOSS	-0.033	99.0	5.4	81.4	99.0	1.00	46.6	41.2	0.00	99.0	99.0
FANS_LOSS	-0.044	99.0	23.8	81.6	99.0	0.60	44.0	37.8	0.00	99.0	99.0
FANS_PER_HEAD	0.25	99.0	5.4	99.0	99.0	0.80	47.2	40.4	0.00	99.0	99.0
FANS_PER_HEAD	0.375	99.0	6.0	99.0	99.0	0.60	46.6	41.4	0.00	99.0	99.0
FANS_PER_HEAD	0.5	99.0	6.0	99.0	99.0	0.40	46.8	40.4	0.00	99.0	99.0
FANS_PER_HEAD	0.75	99.0	23.8	99.0	99.0	0.40	44.0	38.7	0.00	99.0	99.0
FANS_PER_HEAD	1.0	99.0	23.8	82.0	99.0	0.80	45.4	41.1	0.00	99.0	99.0
FANS_DECAY	0.47	99.0	23.8	99.0	99.0	0.20	39.2	30.2	0.00	99.0	99.0
FANS_DECAY	0.705	99.0	23.8	81.8	99.0	0.60	43.2	36.2	0.00	99.0	99.0
FANS_DECAY	0.94	99.0	6.0	99.0	99.0	0.40	46.8	40.4	0.00	99.0	99.0
FANS_DECAY	1.41	99.0	6.2	81.2	99.0	1.20	51.6	47.7	0.00	99.0	99.0
FANS_DECAY	1.88	99.0	6.2	63.6	99.0	1.20	50.4	47.8	0.00	99.0	99.0
FANS_PROMOTED	0.1	99.0	6.0	99.0	99.0	0.80	48.2	40.8	0.00	99.0	99.0
FANS_PROMOTED	0.15	99.0	6.0	99.0	99.0	0.80	48.0	41.1	0.00	99.0	99.0
FANS_PROMOTED	0.2	99.0	6.0	99.0	99.0	0.40	46.8	40.4	0.00	99.0	99.0
FANS_PROMOTED	0.3	99.0	6.0	99.0	99.0	0.40	46.4	40.3	0.00	99.0	99.0
FANS_PROMOTED	0.4	99.0	6.0	99.0	99.0	0.60	45.8	40.1	0.00	99.0	99.0
FANS_RELEGATED	-0.06	99.0	6.0	99.0	99.0	0.40	47.0	40.8	0.00	99.0	99.0
FANS_RELEGATED	-0.09	99.0	6.0	99.0	99.0	0.40	45.8	41.0	0.00	99.0	99.0
FANS_RELEGATED	-0.12	99.0	6.0	99.0	99.0	0.40	46.8	40.4	0.00	99.0	99.0
FANS_RELEGATED	-0.18	99.0	6.0	99.0	99.0	0.80	47.2	40.8	0.00	99.0	99.0
FANS_RELEGATED	-0.24	99.0	6.0	82.0	99.0	0.80	49.4	41.9	0.00	99.0	99.0
DRAW_MAX	0.8	99.0	6.0	81.4	99.0	0.60	47.0	39.2	0.00	99.0	99.0
DRAW_MAX	1.2	99.0	6.0	99.0	99.0	0.40	46.8	40.4	0.00	99.0	99.0
DRAW_MAX	1.6	99.0	6.0	99.0	99.0	0.40	46.8	40.4	0.00	99.0	99.0
DRAW_MAX	2.4	99.0	6.0	99.0	99.0	0.40	46.8	40.4	0.00	99.0	99.0
DRAW_MAX	3.2	99.0	6.0	99.0	99.0	0.40	46.8	40.4	0.00	99.0	99.0
CROWD_TOP	0.5	99.0	6.0	99.0	99.0	0.40	46.8	40.4	0.00	99.0	99.0
CROWD_TOP	0.75	99.0	6.0	99.0	99.0	0.40	46.8	40.4	0.00	99.0	99.0
CROWD_TOP	1.0	99.0	6.0	99.0	99.0	0.40	46.8	40.4	0.00	99.0	99.0
CROWD_TOP	1.5	99.0	6.0	99.0	99.0	0.40	46.8	40.4	0.00	99.0	99.0
CROWD_TOP	2.0	99.0	6.0	99.0	99.0	0.40	46.8	40.4	0.00	99.0	99.0
GROUND_PRACTICE	0.05	99.0	6.0	99.0	99.0	0.40	46.8	40.4	0.00	99.0	99.0
GROUND_PRACTICE	0.075	99.0	6.0	99.0	99.0	0.40	46.8	40.4	0.00	99.0	99.0
GROUND_PRACTICE	0.1	99.0	6.0	99.0	99.0	0.40	46.8	40.4	0.00	99.0	99.0
GROUND_PRACTICE	0.15	99.0	6.0	99.0	99.0	0.40	46.8	40.4	0.00	99.0	99.0
GROUND_PRACTICE	0.2	99.0	6.0	99.0	99.0	0.40	46.8	40.4	0.00	99.0	99.0
SESSION_SHARE	0.06	99.0	6.0	99.0	99.0	0.60	47.8	40.4	0.00	99.0	99.0
SESSION_SHARE	0.09	99.0	6.0	99.0	99.0	0.40	47.6	40.2	0.00	99.0	99.0
SESSION_SHARE	0.12	99.0	6.0	99.0	99.0	0.40	46.8	40.4	0.00	99.0	99.0
SESSION_SHARE	0.18	99.0	6.0	99.0	99.0	0.40	46.8	40.3	0.00	99.0	99.0
SESSION_SHARE	0.24	99.0	6.0	99.0	99.0	0.40	47.2	40.1	0.00	99.0	99.0
CAPTAIN_COST	2	99.0	25.0	65.0	99.0	0.80	46.8	42.5	0.00	99.0	99.0
CAPTAIN_COST	4	99.0	23.8	99.0	99.0	1.00	44.8	40.4	0.00	99.0	99.0
CAPTAIN_COST	5	99.0	6.0	99.0	99.0	0.40	46.8	40.4	0.00	99.0	99.0
CAPTAIN_COST	8	99.0	6.6	99.0	99.0	0.40	46.0	39.4	0.00	99.0	99.0
CAPTAIN_COST	10	99.0	23.8	99.0	99.0	0.80	43.2	37.0	0.00	99.0	99.0
CAPTAIN_COST_PER_STAR	2	99.0	23.8	64.2	99.0	0.80	48.6	41.4	0.00	99.0	99.0
CAPTAIN_COST_PER_STAR	3	99.0	6.0	99.0	99.0	0.40	46.8	40.4	0.00	99.0	99.0
CAPTAIN_COST_PER_STAR	4	99.0	23.8	99.0	99.0	0.40	42.0	36.7	0.00	99.0	99.0
CAPTAIN_COST_PER_STAR	6	99.0	42.2	81.8	99.0	0.60	43.2	40.1	0.00	99.0	99.0
CAPTAIN_YEARS	2	99.0	6.4	99.0	99.0	1.00	47.0	37.0	0.00	99.0	99.0
CAPTAIN_YEARS	3	99.0	6.0	99.0	99.0	0.40	46.8	40.4	0.00	99.0	99.0
CAPTAIN_YEARS	4	99.0	6.2	82.0	99.0	1.20	48.6	44.0	0.00	99.0	99.0
CAPTAIN_YEARS	6	99.0	5.6	81.6	99.0	1.20	52.0	46.1	0.00	99.0	99.0
CAPTAIN_EXTEND	1	99.0	6.0	99.0	99.0	0.40	46.8	40.4	0.00	99.0	99.0
CAPTAIN_EXTEND	2	99.0	6.0	99.0	99.0	0.40	46.8	40.4	0.00	99.0	99.0
CAPTAIN_EXTEND	3	99.0	6.0	99.0	99.0	0.40	46.8	40.4	0.00	99.0	99.0
CAPTAIN_EXTEND	4	99.0	6.0	99.0	99.0	0.40	46.8	40.4	0.00	99.0	99.0
TRAIT_XP_BANKED	4	99.0	6.0	99.0	99.0	0.40	46.8	40.4	0.00	99.0	99.0
TRAIT_XP_BANKED	6	99.0	6.0	99.0	99.0	0.40	46.8	40.4	0.00	99.0	99.0
TRAIT_XP_BANKED	8	99.0	6.0	99.0	99.0	0.40	46.8	40.4	0.00	99.0	99.0
TRAIT_XP_BANKED	12	99.0	6.0	99.0	99.0	0.40	46.8	40.4	0.00	99.0	99.0
TRAIT_XP_BANKED	16	99.0	6.0	99.0	99.0	0.40	46.8	40.4	0.00	99.0	99.0
TRAIT_CEILING	2	99.0	6.0	99.0	99.0	0.40	46.8	40.4	0.00	99.0	99.0
TRAIT_CEILING	3	99.0	6.0	99.0	99.0	0.40	46.8	40.4	0.00	99.0	99.0
TRAIT_CEILING	4	99.0	6.0	99.0	99.0	0.40	46.8	40.4	0.00	99.0	99.0
TRAIT_CEILING	6	99.0	6.0	99.0	99.0	0.40	46.8	40.4	0.00	99.0	99.0
TRAIT_MORALE	0.05	99.0	6.0	99.0	99.0	0.40	46.8	40.4	0.00	99.0	99.0
TRAIT_MORALE	0.075	99.0	6.0	99.0	99.0	0.40	46.8	40.4	0.00	99.0	99.0
TRAIT_MORALE	0.1	99.0	6.0	99.0	99.0	0.40	46.8	40.4	0.00	99.0	99.0
TRAIT_MORALE	0.15	99.0	6.0	99.0	99.0	0.40	46.8	40.4	0.00	99.0	99.0
TRAIT_MORALE	0.2	99.0	6.0	99.0	99.0	0.40	46.8	40.4	0.00	99.0	99.0
TRAIT_NEGOTIATOR	0.425	99.0	6.0	99.0	99.0	0.40	47.2	40.3	0.00	99.0	99.0
TRAIT_NEGOTIATOR	0.6375	99.0	6.0	99.0	99.0	0.40	47.2	40.3	0.00	99.0	99.0
TRAIT_NEGOTIATOR	0.85	99.0	6.0	99.0	99.0	0.40	46.8	40.4	0.00	99.0	99.0
TRAIT_NEGOTIATOR	1.275	99.0	6.0	99.0	99.0	0.40	46.2	40.4	0.00	99.0	99.0
TRAIT_NEGOTIATOR	1.7	99.0	6.0	99.0	99.0	0.40	44.2	39.6	0.00	99.0	99.0
TRAIT_FANS	0.625	99.0	6.0	99.0	99.0	0.40	47.8	40.4	0.00	99.0	99.0
TRAIT_FANS	0.9375	99.0	6.0	99.0	99.0	0.40	47.8	40.4	0.00	99.0	99.0
TRAIT_FANS	1.25	99.0	6.0	99.0	99.0	0.40	46.8	40.4	0.00	99.0	99.0
TRAIT_FANS	1.875	99.0	6.6	99.0	99.0	0.60	46.2	39.3	0.00	99.0	99.0
TRAIT_FANS	2.5	99.0	5.8	99.0	99.0	0.60	46.2	40.1	0.00	99.0	99.0
TRAIT_PHYSIO	0.03	99.0	6.0	99.0	99.0	0.40	46.8	40.4	0.00	99.0	99.0
TRAIT_PHYSIO	0.045	99.0	6.0	99.0	99.0	0.40	46.8	40.4	0.00	99.0	99.0
TRAIT_PHYSIO	0.06	99.0	6.0	99.0	99.0	0.40	46.8	40.4	0.00	99.0	99.0
TRAIT_PHYSIO	0.09	99.0	6.0	99.0	99.0	0.40	46.8	40.4	0.00	99.0	99.0
TRAIT_PHYSIO	0.12	99.0	6.0	99.0	99.0	0.40	46.8	40.4	0.00	99.0	99.0
TRAIT_POSITIVE_XP	0.575	99.0	6.0	99.0	99.0	0.60	46.4	41.0	0.00	99.0	99.0
TRAIT_POSITIVE_XP	0.8625	99.0	6.0	99.0	99.0	0.60	46.6	41.0	0.00	99.0	99.0
TRAIT_POSITIVE_XP	1.15	99.0	6.0	99.0	99.0	0.40	46.8	40.4	0.00	99.0	99.0
TRAIT_POSITIVE_XP	1.725	99.0	6.0	99.0	99.0	0.40	47.0	40.4	0.00	99.0	99.0
TRAIT_POSITIVE_XP	2.3	99.0	6.0	99.0	99.0	0.40	47.2	40.2	0.00	99.0	99.0
TRAIT_SCOUT_EXTRA	2	99.0	6.0	99.0	99.0	0.20	46.8	40.4	0.00	99.0	99.0
TRAIT_SCOUT_EXTRA	3	99.0	6.0	99.0	99.0	0.40	46.8	40.4	0.00	99.0	99.0
TRAIT_SCOUT_EXTRA	4	99.0	6.0	99.0	99.0	0.40	46.8	40.4	0.00	99.0	99.0
TRAIT_SCOUT_EXTRA	6	99.0	6.0	99.0	99.0	0.40	46.8	40.3	0.00	99.0	99.0
TRAIT_TACTICIAN_CALLS	1	99.0	6.0	99.0	99.0	0.40	46.8	40.4	0.00	99.0	99.0
TRAIT_TACTICIAN_CALLS	2	99.0	6.0	99.0	99.0	0.40	46.8	40.4	0.00	99.0	99.0
FANS_LOST_FAVORITE	0.4	99.0	6.0	99.0	99.0	0.40	46.8	40.4	0.00	99.0	99.0
FANS_LOST_FAVORITE	0.6	99.0	6.0	99.0	99.0	0.40	46.8	40.4	0.00	99.0	99.0
FANS_LOST_FAVORITE	0.8	99.0	6.0	99.0	99.0	0.40	46.8	40.4	0.00	99.0	99.0
FANS_LOST_FAVORITE	1.2	99.0	6.0	99.0	99.0	0.40	46.8	40.4	0.00	99.0	99.0
FANS_LOST_FAVORITE	1.6	99.0	6.0	99.0	99.0	0.40	46.8	40.4	0.00	99.0	99.0
BOOST_COST	2	99.0	6.0	99.0	99.0	0.40	46.8	40.4	0.00	99.0	99.0
BOOST_COST	3	99.0	6.0	99.0	99.0	0.40	46.8	40.4	0.00	99.0	99.0
BOOST_COST	4	99.0	6.0	99.0	99.0	0.40	46.8	40.4	0.00	99.0	99.0
BOOST_COST	6	99.0	6.0	99.0	99.0	0.40	46.8	40.4	0.00	99.0	99.0
BOOST_COST	8	99.0	6.0	99.0	99.0	0.40	46.8	40.4	0.00	99.0	99.0
BOOST_MORALE	0.06	99.0	6.0	99.0	99.0	0.40	46.8	40.4	0.00	99.0	99.0
BOOST_MORALE	0.09	99.0	6.0	99.0	99.0	0.40	46.8	40.4	0.00	99.0	99.0
BOOST_MORALE	0.12	99.0	6.0	99.0	99.0	0.40	46.8	40.4	0.00	99.0	99.0
BOOST_MORALE	0.18	99.0	6.0	99.0	99.0	0.40	46.8	40.4	0.00	99.0	99.0
BOOST_MORALE	0.24	99.0	6.0	99.0	99.0	0.40	46.8	40.4	0.00	99.0	99.0
REFRESH_COST	2	99.0	24.0	99.0	99.0	0.80	44.0	38.3	0.00	99.0	99.0
REFRESH_COST	3	99.0	6.0	99.0	99.0	0.40	46.8	40.4	0.00	99.0	99.0
REFRESH_COST	4	99.0	23.8	81.4	99.0	0.80	49.0	41.9	0.00	99.0	99.0
REFRESH_COST	6	99.0	6.6	81.8	99.0	0.40	46.2	41.9	0.00	99.0	99.0
MORALE_WIN	0.04	99.0	24.4	99.0	99.0	0.40	45.8	38.7	0.00	99.0	99.0
MORALE_WIN	0.06	99.0	7.0	99.0	99.0	0.40	46.6	39.4	0.00	99.0	99.0
MORALE_WIN	0.08	99.0	6.0	99.0	99.0	0.40	46.8	40.4	0.00	99.0	99.0
MORALE_WIN	0.12	99.0	5.8	99.0	99.0	0.40	45.6	40.8	0.00	99.0	99.0
MORALE_WIN	0.16	99.0	5.8	99.0	99.0	1.00	46.2	40.8	0.00	99.0	99.0
MORALE_LOSS	-0.035	99.0	5.8	99.0	99.0	1.00	47.6	42.0	0.00	99.0	99.0
MORALE_LOSS	-0.0525	99.0	5.8	99.0	99.0	0.40	45.6	40.9	0.00	99.0	99.0
MORALE_LOSS	-0.07	99.0	6.0	99.0	99.0	0.40	46.8	40.4	0.00	99.0	99.0
MORALE_LOSS	-0.105	99.0	6.6	99.0	99.0	0.80	46.6	40.2	0.00	99.0	99.0
MORALE_LOSS	-0.14	99.0	24.4	99.0	99.0	0.40	43.6	35.8	0.00	99.0	99.0
MORALE_GROUND	0.003	99.0	6.0	99.0	99.0	0.40	46.8	40.1	0.00	99.0	99.0
MORALE_GROUND	0.0045	99.0	6.0	99.0	99.0	0.40	46.8	40.4	0.00	99.0	99.0
MORALE_GROUND	0.006	99.0	6.0	99.0	99.0	0.40	46.8	40.4	0.00	99.0	99.0
MORALE_GROUND	0.009	99.0	6.0	99.0	99.0	0.40	46.8	40.4	0.00	99.0	99.0
MORALE_GROUND	0.012	99.0	6.0	99.0	99.0	0.40	46.2	40.5	0.00	99.0	99.0
PRESENCE_MORALE	0.006	99.0	6.0	99.0	99.0	0.40	46.8	40.4	0.00	99.0	99.0
PRESENCE_MORALE	0.009	99.0	6.0	99.0	99.0	0.40	46.8	40.4	0.00	99.0	99.0
PRESENCE_MORALE	0.012	99.0	6.0	99.0	99.0	0.40	46.8	40.4	0.00	99.0	99.0
PRESENCE_MORALE	0.018	99.0	6.0	99.0	99.0	0.40	46.8	40.4	0.00	99.0	99.0
PRESENCE_MORALE	0.024	99.0	6.0	99.0	99.0	0.60	46.8	40.5	0.00	99.0	99.0
SPECIALTY_XP	0.625	99.0	6.0	82.0	99.0	0.60	47.6	40.5	0.00	99.0	99.0
SPECIALTY_XP	0.9375	99.0	23.8	82.0	99.0	0.80	45.0	38.4	0.00	99.0	99.0
SPECIALTY_XP	1.25	99.0	6.0	99.0	99.0	0.40	46.8	40.4	0.00	99.0	99.0
SPECIALTY_XP	1.875	99.0	6.0	99.0	99.0	0.80	45.8	37.7	0.00	99.0	99.0
SPECIALTY_XP	2.5	99.0	5.8	81.2	99.0	1.20	50.8	42.3	0.00	99.0	99.0
FOREIGN_CHANCE	0.125	99.0	6.0	99.0	99.0	0.40	46.8	40.4	0.00	99.0	99.0
FOREIGN_CHANCE	0.1875	99.0	6.0	99.0	99.0	0.40	46.8	40.4	0.00	99.0	99.0
FOREIGN_CHANCE	0.25	99.0	6.0	99.0	99.0	0.40	46.8	40.4	0.00	99.0	99.0
FOREIGN_CHANCE	0.375	99.0	6.0	99.0	99.0	0.40	46.8	40.4	0.00	99.0	99.0
FOREIGN_CHANCE	0.5	99.0	6.0	99.0	99.0	0.40	46.8	40.4	0.00	99.0	99.0
TRADE_SHARE	0.225	99.0	6.0	99.0	99.0	0.40	47.0	40.4	0.00	99.0	99.0
TRADE_SHARE	0.3375	99.0	6.0	99.0	99.0	0.40	46.8	40.4	0.00	99.0	99.0
TRADE_SHARE	0.45	99.0	6.0	99.0	99.0	0.40	46.8	40.4	0.00	99.0	99.0
TRADE_SHARE	0.675	99.0	6.0	99.0	99.0	0.40	47.2	41.7	0.00	99.0	99.0
TRADE_SHARE	0.9	99.0	6.0	99.0	99.0	0.40	47.2	41.8	0.00	99.0	99.0
COUNTER_POW	0.1	99.0	6.6	99.0	99.0	0.60	45.2	39.0	0.00	99.0	99.0
COUNTER_POW	0.15	99.0	6.6	99.0	99.0	0.60	46.0	39.5	0.00	99.0	99.0
COUNTER_POW	0.2	99.0	6.0	99.0	99.0	0.40	46.8	40.4	0.00	99.0	99.0
COUNTER_POW	0.3	99.0	24.0	81.4	99.0	1.20	49.8	42.6	0.00	99.0	99.0
COUNTER_POW	0.4	99.0	24.0	64.2	99.0	1.00	51.4	48.3	0.00	99.0	99.0
COUNTER_K	0.5	99.0	23.8	81.8	99.0	0.60	43.2	37.0	0.00	99.0	99.0
COUNTER_K	0.75	99.0	6.6	99.0	99.0	0.60	48.0	39.8	0.00	99.0	99.0
COUNTER_K	1.0	99.0	6.0	99.0	99.0	0.40	46.8	40.4	0.00	99.0	99.0
COUNTER_K	1.5	99.0	24.0	63.8	99.0	1.00	49.0	43.1	0.00	99.0	99.0
COUNTER_K	2.0	99.0	6.4	63.6	99.0	1.40	53.4	47.1	0.00	99.0	99.0
WEAR_SEASON	0.17	99.0	5.8	99.0	99.0	0.60	48.0	42.7	0.00	99.0	99.0
WEAR_SEASON	0.255	99.0	6.4	99.0	99.0	0.60	46.2	39.4	0.00	99.0	99.0
WEAR_SEASON	0.34	99.0	6.0	99.0	99.0	0.40	46.8	40.4	0.00	99.0	99.0
WEAR_SEASON	0.51	99.0	6.6	99.0	99.0	1.20	47.4	39.5	0.00	99.0	99.0
WEAR_SEASON	0.68	99.0	5.8	99.0	99.0	0.60	47.0	39.1	0.00	99.0	99.0
SHABBY	0.31	99.0	5.8	99.0	99.0	0.80	47.6	41.2	0.00	99.0	99.0
SHABBY	0.465	99.0	5.8	99.0	99.0	0.80	47.6	40.7	0.00	99.0	99.0
SHABBY	0.62	99.0	6.0	99.0	99.0	0.40	46.8	40.4	0.00	99.0	99.0
SHABBY	0.93	99.0	6.6	99.0	99.0	1.00	48.2	40.5	0.00	99.0	99.0
SHABBY	1.24	99.0	6.0	99.0	99.0	0.60	45.2	40.1	0.00	99.0	99.0
GATE_FLOOR	0.225	99.0	6.6	81.8	99.0	0.80	48.0	40.3	0.00	99.0	99.0
GATE_FLOOR	0.3375	99.0	6.0	82.0	99.0	0.60	46.2	40.5	0.00	99.0	99.0
GATE_FLOOR	0.45	99.0	6.0	99.0	99.0	0.40	46.8	40.4	0.00	99.0	99.0
GATE_FLOOR	0.675	99.0	5.8	99.0	99.0	1.00	49.2	42.1	0.00	99.0	99.0
GATE_FLOOR	0.9	99.0	5.8	99.0	99.0	1.00	49.4	41.7	0.00	99.0	99.0
RETAINER_POW	0.15	99.0	23.8	64.2	99.0	0.80	47.6	40.6	0.00	99.0	99.0
RETAINER_POW	0.225	99.0	23.8	81.2	99.0	1.00	46.6	40.3	0.00	99.0	99.0
RETAINER_POW	0.3	99.0	6.0	99.0	99.0	0.40	46.8	40.4	0.00	99.0	99.0
RETAINER_POW	0.45	99.0	24.0	81.8	99.0	0.80	46.8	43.1	0.00	99.0	99.0
RETAINER_POW	0.6	99.0	24.0	99.0	99.0	0.00	34.2	39.0	0.00	99.0	99.0
RETAINER_K	0.36	99.0	23.8	81.2	99.0	1.20	47.8	40.2	0.00	99.0	99.0
RETAINER_K	0.54	99.0	23.8	81.2	99.0	0.60	46.8	40.9	0.00	99.0	99.0
RETAINER_K	0.72	99.0	6.0	99.0	99.0	0.40	46.8	40.4	0.00	99.0	99.0
RETAINER_K	1.08	99.0	5.8	81.4	99.0	1.00	48.4	42.2	0.00	99.0	99.0
RETAINER_K	1.44	99.0	5.6	81.4	99.0	1.00	50.6	44.7	0.00	99.0	99.0
GATE_PER_LEVEL	0.12	99.0	5.8	64.4	99.0	1.40	50.4	41.0	0.00	99.0	99.0
GATE_PER_LEVEL	0.18	99.0	5.8	99.0	99.0	0.80	48.0	39.3	0.00	99.0	99.0
GATE_PER_LEVEL	0.24	99.0	6.0	99.0	99.0	0.40	46.8	40.4	0.00	99.0	99.0
GATE_PER_LEVEL	0.36	99.0	23.8	81.2	99.0	0.60	47.4	43.3	0.00	99.0	99.0
GATE_PER_LEVEL	0.48	99.0	6.6	63.2	99.0	1.00	51.4	48.8	0.00	99.0	99.0
UPKEEP_SHARE	0.6	99.0	5.8	99.0	99.0	0.80	46.6	41.2	0.00	99.0	99.0
UPKEEP_SHARE	0.9	99.0	6.0	99.0	99.0	0.20	46.8	39.9	0.00	99.0	99.0
UPKEEP_SHARE	1.2	99.0	6.0	99.0	99.0	0.40	46.8	40.4	0.00	99.0	99.0
UPKEEP_SHARE	1.8	99.0	6.6	99.0	99.0	0.60	44.8	39.0	0.00	99.0	99.0
UPKEEP_SHARE	2.4	99.0	6.6	99.0	99.0	0.40	45.4	37.5	0.00	99.0	99.0
YEARS_NEW	2	99.0	5.6	99.0	99.0	0.60	41.6	40.3	0.00	99.0	99.0
YEARS_NEW	3	99.0	6.0	99.0	99.0	0.40	46.8	40.4	0.00	99.0	99.0
YEARS_NEW	4	99.0	6.0	99.0	99.0	0.40	46.8	40.4	0.00	99.0	99.0
YEARS_NEW	6	99.0	6.0	99.0	99.0	0.40	46.8	40.4	0.00	99.0	99.0
ROOKIE_RATE	0.3	99.0	6.0	99.0	99.0	0.40	46.8	40.4	0.00	99.0	99.0
ROOKIE_RATE	0.45	99.0	6.0	99.0	99.0	0.40	46.8	40.4	0.00	99.0	99.0
ROOKIE_RATE	0.6	99.0	6.0	99.0	99.0	0.40	46.8	40.4	0.00	99.0	99.0
ROOKIE_RATE	0.9	99.0	6.0	99.0	99.0	0.40	46.8	40.4	0.00	99.0	99.0
ROOKIE_RATE	1.2	99.0	6.0	99.0	99.0	0.40	46.8	40.4	0.00	99.0	99.0
ROOKIE_AGE	12	99.0	6.0	99.0	99.0	0.40	46.8	40.4	0.00	99.0	99.0
ROOKIE_AGE	17	99.0	6.0	99.0	99.0	0.40	46.8	40.4	0.00	99.0	99.0
ROOKIE_AGE	23	99.0	6.0	99.0	99.0	0.40	46.8	40.4	0.00	99.0	99.0
ROOKIE_AGE	34	99.0	6.0	99.0	99.0	0.40	47.6	40.3	0.00	99.0	99.0
ROOKIE_AGE	46	99.0	6.0	99.0	99.0	0.40	47.6	40.3	0.00	99.0	99.0
EXTEND_PER_YEAR	0.045	99.0	6.0	99.0	99.0	0.40	46.8	40.4	0.00	99.0	99.0
EXTEND_PER_YEAR	0.0675	99.0	6.0	99.0	99.0	0.40	46.8	40.4	0.00	99.0	99.0
EXTEND_PER_YEAR	0.09	99.0	6.0	99.0	99.0	0.40	46.8	40.4	0.00	99.0	99.0
EXTEND_PER_YEAR	0.135	99.0	6.0	99.0	99.0	0.40	46.8	40.4	0.00	99.0	99.0
EXTEND_PER_YEAR	0.18	99.0	6.0	99.0	99.0	0.40	46.8	40.4	0.00	99.0	99.0
EXTEND_MAX_OFF	0.14	99.0	6.0	99.0	99.0	0.40	46.8	40.4	0.00	99.0	99.0
EXTEND_MAX_OFF	0.21	99.0	6.0	99.0	99.0	0.40	46.8	40.4	0.00	99.0	99.0
EXTEND_MAX_OFF	0.28	99.0	6.0	99.0	99.0	0.40	46.8	40.4	0.00	99.0	99.0
EXTEND_MAX_OFF	0.42	99.0	6.0	99.0	99.0	0.40	47.0	40.4	0.00	99.0	99.0
EXTEND_MAX_OFF	0.56	99.0	6.0	99.0	99.0	0.40	47.0	40.4	0.00	99.0	99.0
MORALE_REFUSES	0.225	99.0	6.0	99.0	99.0	0.40	46.8	40.4	0.00	99.0	99.0
MORALE_REFUSES	0.3375	99.0	6.0	99.0	99.0	0.40	46.8	40.4	0.00	99.0	99.0
MORALE_REFUSES	0.45	99.0	6.0	99.0	99.0	0.40	46.8	40.4	0.00	99.0	99.0
MORALE_REFUSES	0.675	99.0	6.0	99.0	99.0	0.40	46.8	40.4	0.00	99.0	99.0
MORALE_REFUSES	0.9	99.0	6.0	99.0	99.0	0.60	46.8	40.3	0.00	99.0	99.0
MOOD_SLOPE	0.45	99.0	6.0	99.0	99.0	0.40	46.8	40.4	0.00	99.0	99.0
MOOD_SLOPE	0.675	99.0	6.0	99.0	99.0	0.40	46.8	40.4	0.00	99.0	99.0
MOOD_SLOPE	0.9	99.0	6.0	99.0	99.0	0.40	46.8	40.4	0.00	99.0	99.0
MOOD_SLOPE	1.35	99.0	6.0	99.0	99.0	0.40	46.8	40.4	0.00	99.0	99.0
MOOD_SLOPE	1.8	99.0	6.0	99.0	99.0	0.40	46.8	40.4	0.00	99.0	99.0
MOOD_CHEAPEST	0.4	99.0	6.0	99.0	99.0	0.40	46.8	40.4	0.00	99.0	99.0
MOOD_CHEAPEST	0.6	99.0	6.0	99.0	99.0	0.40	46.8	40.4	0.00	99.0	99.0
MOOD_CHEAPEST	0.8	99.0	6.0	99.0	99.0	0.40	46.8	40.4	0.00	99.0	99.0
MOOD_CHEAPEST	1.2	99.0	6.0	99.0	99.0	0.40	46.8	40.4	0.00	99.0	99.0
MOOD_CHEAPEST	1.6	99.0	6.0	99.0	99.0	0.40	46.8	40.4	0.00	99.0	99.0
MOOD_DEAREST	0.625	99.0	6.0	99.0	99.0	0.40	46.8	40.4	0.00	99.0	99.0
MOOD_DEAREST	0.9375	99.0	6.0	99.0	99.0	0.40	46.8	40.4	0.00	99.0	99.0
MOOD_DEAREST	1.25	99.0	6.0	99.0	99.0	0.40	46.8	40.4	0.00	99.0	99.0
MOOD_DEAREST	1.875	99.0	6.0	99.0	99.0	0.40	46.8	40.4	0.00	99.0	99.0
MOOD_DEAREST	2.5	99.0	6.0	99.0	99.0	0.40	46.8	40.4	0.00	99.0	99.0
XP_SIMMED	4	99.0	6.2	99.0	99.0	0.20	45.4	38.9	0.00	99.0	99.0
XP_SIMMED	6	99.0	6.6	80.8	99.0	0.60	46.4	41.3	0.00	99.0	99.0
XP_SIMMED	8	99.0	6.0	99.0	99.0	0.40	46.8	40.4	0.00	99.0	99.0
XP_SIMMED	12	99.0	24.2	81.2	99.0	1.00	48.0	39.7	0.00	99.0	99.0
XP_SIMMED	16	99.0	5.8	99.0	99.0	0.80	48.0	39.4	0.00	99.0	81.8
TOXIC_DRAG	-0.03	99.0	6.0	99.0	99.0	0.40	46.8	40.4	0.00	99.0	99.0
TOXIC_DRAG	-0.045	99.0	6.0	99.0	99.0	0.40	46.8	40.4	0.00	99.0	99.0
TOXIC_DRAG	-0.06	99.0	6.0	99.0	99.0	0.40	46.8	40.4	0.00	99.0	99.0
TOXIC_DRAG	-0.09	99.0	6.0	99.0	99.0	0.40	46.8	40.4	0.00	99.0	99.0
TOXIC_DRAG	-0.12	99.0	6.0	99.0	99.0	0.40	46.8	40.4	0.00	99.0	99.0
AVAILABILITY_CHANCE	0.0275	99.0	5.4	99.0	99.0	0.40	46.8	38.8	0.00	99.0	99.0
AVAILABILITY_CHANCE	0.0413	99.0	5.4	99.0	99.0	0.60	48.6	39.9	0.00	99.0	99.0
AVAILABILITY_CHANCE	0.055	99.0	6.0	99.0	99.0	0.40	46.8	40.4	0.00	99.0	99.0
AVAILABILITY_CHANCE	0.0825	99.0	24.6	99.0	99.0	0.60	43.0	37.0	0.00	99.0	99.0
AVAILABILITY_CHANCE	0.11	99.0	7.0	99.0	99.0	0.60	45.8	39.5	0.00	99.0	99.0
CUT_TOXIC	0.035	99.0	6.0	99.0	99.0	0.40	46.8	40.4	0.00	99.0	99.0
CUT_TOXIC	0.0525	99.0	6.0	99.0	99.0	0.40	46.8	40.4	0.00	99.0	99.0
CUT_TOXIC	0.07	99.0	6.0	99.0	99.0	0.40	46.8	40.4	0.00	99.0	99.0
CUT_TOXIC	0.105	99.0	6.0	99.0	99.0	0.40	46.8	40.4	0.00	99.0	99.0
CUT_TOXIC	0.14	99.0	6.0	99.0	99.0	0.40	46.8	40.4	0.00	99.0	99.0
CUT_LIKED	-0.025	99.0	6.0	99.0	99.0	0.40	46.6	40.7	0.00	99.0	99.0
CUT_LIKED	-0.0375	99.0	6.0	99.0	99.0	0.40	46.4	40.7	0.00	99.0	99.0
CUT_LIKED	-0.05	99.0	6.0	99.0	99.0	0.40	46.8	40.4	0.00	99.0	99.0
CUT_LIKED	-0.075	99.0	6.0	99.0	99.0	0.40	46.8	40.4	0.00	99.0	99.0
CUT_LIKED	-0.1	99.0	6.0	99.0	99.0	0.40	46.8	40.4	0.00	99.0	99.0
CREDITS_WIN	1	99.0	24.8	99.0	99.0	0.80	44.8	36.7	0.00	99.0	99.0
CREDITS_WIN	2	99.0	6.0	99.0	99.0	0.40	46.8	40.4	0.00	99.0	99.0
CREDITS_WIN	3	99.0	5.8	81.4	99.0	1.00	51.6	46.5	0.00	99.0	99.0
CREDITS_WIN	4	99.0	22.8	64.2	99.0	0.80	52.6	47.8	0.00	99.0	99.0
CREDITS_DRAW	1	99.0	6.0	99.0	99.0	0.40	46.8	40.4	0.00	99.0	99.0
CREDITS_DRAW	2	99.0	23.8	99.0	99.0	0.60	45.4	38.9	0.00	99.0	99.0
CREDITS_PROMOTED	2	99.0	6.0	64.4	99.0	1.00	47.4	42.5	0.00	99.0	99.0
CREDITS_PROMOTED	3	99.0	6.0	81.8	99.0	0.80	48.6	42.8	0.00	99.0	99.0
CREDITS_PROMOTED	4	99.0	6.0	99.0	99.0	0.40	46.8	40.4	0.00	99.0	99.0
CREDITS_PROMOTED	6	99.0	6.0	99.0	99.0	0.20	46.0	41.2	0.00	99.0	99.0
CREDITS_PROMOTED	8	99.0	6.0	99.0	99.0	0.60	47.4	42.1	0.00	99.0	99.0
PURSE_TOP	3	99.0	6.8	99.0	99.0	0.20	44.6	40.2	0.00	99.0	99.0
PURSE_TOP	4	99.0	23.8	99.0	99.0	0.20	44.6	37.1	0.00	99.0	99.0
PURSE_TOP	6	99.0	6.0	99.0	99.0	0.40	46.8	40.4	0.00	99.0	99.0
PURSE_TOP	9	99.0	5.8	63.8	99.0	1.00	51.2	43.3	0.00	99.0	99.0
PURSE_TOP	12	99.0	23.8	63.2	99.0	0.80	50.0	42.4	0.00	99.0	99.0
PURSE_TIER_STEP	0.275	99.0	6.0	99.0	99.0	0.40	47.0	40.7	0.00	99.0	99.0
PURSE_TIER_STEP	0.4125	99.0	6.0	99.0	99.0	0.40	46.8	40.5	0.00	99.0	99.0
PURSE_TIER_STEP	0.55	99.0	6.0	99.0	99.0	0.40	46.8	40.4	0.00	99.0	99.0
PURSE_TIER_STEP	0.825	99.0	6.0	99.0	99.0	0.80	47.6	40.8	0.00	99.0	99.0
PURSE_TIER_STEP	1.1	99.0	6.0	99.0	99.0	0.60	46.2	39.8	0.00	99.0	99.0
PURSE_TAIL	0.09	99.0	6.0	99.0	99.0	0.40	47.0	40.6	0.00	99.0	99.0
PURSE_TAIL	0.135	99.0	6.0	99.0	99.0	0.80	48.4	41.3	0.00	99.0	99.0
PURSE_TAIL	0.18	99.0	6.0	99.0	99.0	0.40	46.8	40.4	0.00	99.0	99.0
PURSE_TAIL	0.27	99.0	5.8	99.0	99.0	0.60	47.2	40.4	0.00	99.0	99.0
PURSE_TAIL	0.36	99.0	23.8	99.0	99.0	0.80	43.4	38.2	0.00	99.0	99.0
DILEMMA_CHANCE	0.33	99.0	5.6	80.8	99.0	0.80	49.8	44.0	0.00	99.0	99.0
DILEMMA_CHANCE	0.495	99.0	25.4	99.0	99.0	0.40	42.4	37.2	0.00	99.0	99.0
DILEMMA_CHANCE	0.66	99.0	6.0	99.0	99.0	0.40	46.8	40.4	0.00	99.0	99.0
DILEMMA_CHANCE	0.99	99.0	5.0	64.8	99.0	0.80	47.8	42.0	0.00	99.0	99.0
DILEMMA_CHANCE	1.32	99.0	5.0	81.8	99.0	0.60	45.8	39.1	0.00	99.0	99.0
BACKUP_DROP	4	99.0	25.2	99.0	99.0	0.60	46.2	38.6	0.00	99.0	99.0
BACKUP_DROP	5	99.0	25.6	82.0	99.0	0.80	46.0	38.3	0.00	99.0	99.0
BACKUP_DROP	7	99.0	6.0	99.0	99.0	0.40	46.8	40.4	0.00	99.0	99.0
BACKUP_DROP	10	99.0	24.4	64.2	99.0	1.00	48.0	41.9	0.00	99.0	99.0
BACKUP_DROP	14	99.0	5.2	81.2	99.0	0.60	47.8	40.9	0.00	99.0	99.0
RESERVE_DROP	8	99.0	6.8	64.6	99.0	1.40	50.6	43.1	0.00	99.0	99.0
RESERVE_DROP	12	99.0	7.6	82.0	99.0	0.60	46.6	38.4	0.00	99.0	99.0
RESERVE_DROP	16	99.0	6.0	99.0	99.0	0.40	46.8	40.4	0.00	99.0	99.0
RESERVE_DROP	24	99.0	23.8	99.0	99.0	1.20	46.6	38.7	0.00	99.0	99.0
RESERVE_DROP	32	99.0	23.8	99.0	99.0	1.20	47.4	38.9	0.00	99.0	99.0
WALK_ON_DROP	4	99.0	6.0	99.0	99.0	0.40	47.0	40.4	0.00	99.0	99.0
WALK_ON_DROP	7	99.0	6.0	99.0	99.0	0.40	47.0	40.4	0.00	99.0	99.0
WALK_ON_DROP	9	99.0	6.0	99.0	99.0	0.40	46.8	40.4	0.00	99.0	99.0
WALK_ON_DROP	14	99.0	6.0	99.0	99.0	0.40	46.6	40.4	0.00	99.0	99.0
WALK_ON_DROP	18	99.0	6.0	99.0	99.0	0.40	46.6	40.4	0.00	99.0	99.0
FOLLOW_WIN	0.05	99.0	23.8	81.4	99.0	1.00	46.8	40.8	0.00	99.0	99.0
FOLLOW_WIN	0.075	99.0	23.8	99.0	99.0	0.80	45.8	39.0	0.00	99.0	99.0
FOLLOW_WIN	0.1	99.0	6.0	99.0	99.0	0.40	46.8	40.4	0.00	99.0	99.0
FOLLOW_WIN	0.15	99.0	23.8	81.2	99.0	0.60	45.8	41.2	0.00	99.0	99.0
FOLLOW_WIN	0.2	99.0	23.8	81.2	99.0	0.60	47.0	41.4	0.00	99.0	99.0
FOLLOW_LOSS	-0.045	99.0	5.8	99.0	99.0	0.20	45.8	40.6	0.00	99.0	99.0
FOLLOW_LOSS	-0.0675	99.0	6.6	99.0	99.0	0.40	44.6	39.8	0.00	99.0	99.0
FOLLOW_LOSS	-0.09	99.0	6.0	99.0	99.0	0.40	46.8	40.4	0.00	99.0	99.0
FOLLOW_LOSS	-0.135	99.0	6.0	99.0	99.0	0.60	46.6	41.4	0.00	99.0	99.0
FOLLOW_LOSS	-0.18	99.0	6.4	81.4	99.0	1.00	47.4	40.1	0.00	99.0	99.0
FOLLOW_MORALE	0.07	99.0	23.8	81.4	99.0	1.00	46.2	38.6	0.00	99.0	99.0
FOLLOW_MORALE	0.105	99.0	23.8	81.6	99.0	1.00	46.4	40.5	0.00	99.0	99.0
FOLLOW_MORALE	0.14	99.0	6.0	99.0	99.0	0.40	46.8	40.4	0.00	99.0	99.0
FOLLOW_MORALE	0.21	99.0	23.8	81.2	99.0	1.00	46.6	41.8	0.00	99.0	99.0
FOLLOW_MORALE	0.28	99.0	23.8	63.6	99.0	1.20	48.2	42.2	0.00	99.0	99.0
FOLLOW_THIN_SQUAD	-0.06	99.0	6.0	99.0	99.0	0.40	46.8	40.4	0.00	99.0	99.0
FOLLOW_THIN_SQUAD	-0.09	99.0	6.0	99.0	99.0	0.40	46.8	40.4	0.00	99.0	99.0
FOLLOW_THIN_SQUAD	-0.12	99.0	6.0	99.0	99.0	0.40	46.8	40.4	0.00	99.0	99.0
FOLLOW_THIN_SQUAD	-0.18	99.0	6.0	99.0	99.0	0.40	46.8	40.4	0.00	99.0	99.0
FOLLOW_THIN_SQUAD	-0.24	99.0	6.0	99.0	99.0	0.40	46.8	40.4	0.00	99.0	99.0
AWAY_SHARE	0.225	99.0	23.8	99.0	99.0	0.60	41.4	33.5	0.00	99.0	99.0
AWAY_SHARE	0.3375	99.0	24.4	99.0	99.0	0.60	46.4	37.9	0.00	99.0	99.0
AWAY_SHARE	0.45	99.0	6.0	99.0	99.0	0.40	46.8	40.4	0.00	99.0	99.0
AWAY_SHARE	0.675	99.0	6.2	99.0	99.0	0.80	48.4	46.4	0.00	99.0	99.0
AWAY_SHARE	0.9	99.0	4.8	64.4	99.0	1.60	53.4	52.2	0.00	99.0	99.0
NEUTRAL_SHARE	0.3	99.0	23.8	81.8	99.0	0.60	45.4	36.0	0.00	99.0	99.0
NEUTRAL_SHARE	0.45	99.0	6.6	99.0	99.0	0.60	44.6	37.2	0.00	99.0	99.0
NEUTRAL_SHARE	0.6	99.0	6.0	99.0	99.0	0.40	46.8	40.4	0.00	99.0	99.0
NEUTRAL_SHARE	0.9	99.0	23.8	81.4	99.0	0.60	45.4	41.4	0.00	99.0	99.0
NEUTRAL_SHARE	1.2	99.0	6.4	63.8	99.0	1.40	55.2	48.8	0.00	99.0	99.0
